TIME,FORCE,ANSYS,WORK
0,0,0,0
1,-7.5,-0.0001578445,-0.0001578425
2,-15,-0.0003156145,-0.0003156095
3,-22.5,-0.0004733095,-0.000473302
4,-30,-0.0006309305,-0.000630919
5,-37.5,-0.000788477,-0.0007884615
6,-45,-0.0009459485,-0.0009459285
7,-52.5,-0.00110335,-0.00110332
8,-60,-0.001260665,-0.00126064
9,-67.5,-0.00141792,-0.00141788
10,-75,-0.001575095,-0.00157505
11,-82.5,-0.001732195,-0.001732145
12,-90,-0.00188922,-0.001889165
13,-97.5,-0.002046175,-0.00204611
14,-105,-0.00220305,-0.002202975
15,-112.5,-0.002359855,-0.00235978
16,-120,-0.00251659,-0.002516495
17,-127.5,-0.002673245,-0.002673145
18,-135,-0.00282983,-0.002829715
19,-142.5,-0.00298634,-0.00298622
20,-150,-0.003142775,-0.003142645
21,-157.5,-0.00329914,-0.003298995
22,-165,-0.00345543,-0.003455275
23,-172.5,-0.003611645,-0.003611475
24,-180,-0.003767785,-0.003767605
25,-187.5,-0.00392386,-0.003923665
26,-195,-0.004079855,-0.004079645
27,-202.5,-0.00423578,-0.004235555
28,-210,-0.00439163,-0.00439139
29,-217.5,-0.004547405,-0.004547155
30,-225,-0.00470311,-0.00470284
31,-232.5,-0.004858745,-0.004858455
32,-240,-0.0050143,-0.005014
33,-247.5,-0.005169785,-0.005169465
34,-255,-0.0053252,-0.00532486
35,-262.5,-0.00548054,-0.005480185
36,-270,-0.005635805,-0.005635435
37,-277.5,-0.005791,-0.00579061
38,-285,-0.005946125,-0.005945715
39,-292.5,-0.006101175,-0.006100745
40,-300,-0.006256155,-0.006255705
41,-307.5,-0.00641106,-0.00641059
42,-315,-0.006565895,-0.0065654
43,-322.5,-0.006720655,-0.00672014
44,-330,-0.006875345,-0.006874805
45,-337.5,-0.00702996,-0.0070294
46,-345,-0.007184505,-0.007183925
47,-352.5,-0.007338975,-0.00733837
48,-360,-0.00749338,-0.00749275
49,-367.5,-0.007647705,-0.007647055
50,-375,-0.007801965,-0.00780129
51,-382.5,-0.00795615,-0.00795545
52,-390,-0.008110265,-0.00810954
53,-397.5,-0.00826431,-0.008263555
54,-405,-0.008418275,-0.0084175
55,-412.5,-0.00857218,-0.00857137
56,-420,-0.008726005,-0.00872517
57,-427.5,-0.00887976,-0.008878905
58,-435,-0.009033445,-0.00903256
59,-442.5,-0.00918706,-0.009186145
60,-450,-0.009340605,-0.00933966
61,-457.5,-0.009494075,-0.009493095
62,-465,-0.00964748,-0.00964647
63,-472.5,-0.009800805,-0.00979977
64,-480,-0.009954065,-0.009952995
65,-487.5,-0.01010725,-0.01010615
66,-495,-0.0102604,-0.01025925
67,-502.5,-0.0104134,-0.01041225
68,-510,-0.01056635,-0.0105652
69,-517.5,-0.0107193,-0.0107181
70,-525,-0.0108721,-0.01087085
71,-532.5,-0.0110249,-0.0110236
72,-540,-0.01117755,-0.01117625
73,-547.5,-0.0113302,-0.01132885
74,-555,-0.0114828,-0.01148135
75,-562.5,-0.01163525,-0.0116338
76,-570,-0.01178765,-0.0117862
77,-577.5,-0.01194,-0.0119385
78,-585,-0.0120923,-0.01209075
79,-592.5,-0.01224445,-0.01224285
80,-600,-0.01239655,-0.01239495
81,-607.5,-0.01254865,-0.012547
82,-615,-0.0127006,-0.0126989
83,-622.5,-0.01285255,-0.0128508
84,-630,-0.01300445,-0.01300265
85,-637.5,-0.0131562,-0.01315435
86,-645,-0.0133079,-0.01330605
87,-652.5,-0.01345955,-0.01345765
88,-660,-0.01361115,-0.0136092
89,-667.5,-0.01376265,-0.0137606
90,-675,-0.01391405,-0.01391205
91,-682.5,-0.0140654,-0.01406335
92,-690,-0.01421675,-0.01421465
93,-697.5,-0.01436795,-0.0143658
94,-705,-0.0145191,-0.0145169
95,-712.5,-0.0146702,-0.01466795
96,-720,-0.0148212,-0.0148189
97,-727.5,-0.01497215,-0.0149698
98,-735,-0.015123,-0.01512065
99,-742.5,-0.0152738,-0.01527145
100,-750,-0.01542455,-0.0154221
101,-757.5,-0.01557525,-0.01557275
102,-765,-0.01572585,-0.0157233
103,-772.5,-0.0158764,-0.0158738
104,-780,-0.01602685,-0.0160242
105,-787.5,-0.01617725,-0.01617455
106,-795,-0.01632755,-0.01632485
107,-802.5,-0.0164778,-0.01647505
108,-810,-0.016628,-0.0166252
109,-817.5,-0.01677815,-0.01677525
110,-825,-0.0169282,-0.01692525
111,-832.5,-0.0170782,-0.0170752
112,-840,-0.0172281,-0.01722505
113,-847.5,-0.01737795,-0.01737485
114,-855,-0.01752775,-0.01752455
115,-862.5,-0.0176774,-0.01767425
116,-870,-0.0178271,-0.0178238
117,-877.5,-0.01797665,-0.01797335
118,-885,-0.01812615,-0.0181228
119,-892.5,-0.0182756,-0.0182722
120,-900,-0.018425,-0.01842155
121,-907.5,-0.01857425,-0.01857075
122,-915,-0.01872355,-0.01871995
123,-922.5,-0.0188727,-0.0188691
124,-930,-0.0190218,-0.0190181
125,-937.5,-0.01917085,-0.0191674
126,-945,-0.0193198,-0.01931725
127,-952.5,-0.0194687,-0.01946745
128,-960,-0.0196179,-0.01961845
129,-967.5,-0.0197677,-0.01976935
130,-975,-0.01991795,-0.01992035
131,-982.5,-0.0200682,-0.0200719
132,-990,-0.02021835,-0.0202234
133,-997.5,-0.02036875,-0.0203752
134,-1005,-0.02051935,-0.02052715
135,-1012.5,-0.02067055,-0.0206791
136,-1020,-0.02082165,-0.0208313
137,-1027.5,-0.0209727,-0.0209842
138,-1035,-0.0211238,-0.0211372
139,-1042.5,-0.0212763,-0.02129045
140,-1050,-0.02142865,-0.02144405
141,-1057.5,-0.02158095,-0.02159805
142,-1065,-0.0217344,-0.0217524
143,-1072.5,-0.0218897,-0.0219071
144,-1080,-0.02204525,-0.02206195
145,-1087.5,-0.02220145,-0.02221695
146,-1095,-0.02235765,-0.02237235
147,-1102.5,-0.0225143,-0.022528
148,-1110,-0.0226717,-0.02268435
149,-1117.5,-0.0228296,-0.02284195
150,-1125,-0.02298745,-0.0230014
151,-1132.5,-0.0231464,-0.02316265
152,-1140,-0.0233066,-0.02332475
153,-1147.5,-0.02346675,-0.0234868
154,-1155,-0.0236268,-0.0236491
155,-1162.5,-0.0237869,-0.02381235
156,-1170,-0.02394875,-0.0239783
157,-1177.5,-0.0241109,-0.0241452
158,-1185,-0.02427435,-0.02431195
159,-1192.5,-0.0244382,-0.02447875
160,-1200,-0.02460465,-0.0246454
161,-1207.5,-0.0247722,-0.02481205
162,-1215,-0.0249397,-0.02498165
163,-1222.5,-0.0251071,-0.0251528
164,-1230,-0.0252751,-0.02532385
165,-1237.5,-0.02544435,-0.02549535
166,-1245,-0.02561435,-0.0256691
167,-1252.5,-0.02578515,-0.0258429
168,-1260,-0.025957,-0.02601715
169,-1267.5,-0.0261299,-0.0261918
170,-1275,-0.0263055,-0.02636755
171,-1282.5,-0.02648255,-0.02654485
172,-1290,-0.02665945,-0.026724
173,-1297.5,-0.02683645,-0.026904
174,-1305,-0.0270146,-0.02708415
175,-1312.5,-0.0271948,-0.02726425
176,-1320,-0.0273772,-0.02744495
177,-1327.5,-0.0275609,-0.0276265
178,-1335,-0.0277454,-0.02780845
179,-1342.5,-0.0279322,-0.02799065
180,-1350,-0.0281198,-0.02817355
181,-1357.5,-0.0283078,-0.0283564
182,-1365,-0.0284959,-0.02853975
183,-1372.5,-0.0286838,-0.02872435
184,-1380,-0.0288726,-0.02890915
185,-1387.5,-0.0290625,-0.0290947
186,-1395,-0.0292525,-0.0292803
187,-1402.5,-0.0294451,-0.0294671
188,-1410,-0.02963895,-0.02965405
189,-1417.5,-0.0298332,-0.02984115
190,-1425,-0.0300296,-0.03002825
191,-1432.5,-0.03022735,-0.0302157
192,-1440,-0.03042605,-0.0304046
193,-1447.5,-0.03062655,-0.0305971
194,-1455,-0.03082715,-0.0307903
195,-1462.5,-0.03102775,-0.0309845
196,-1470,-0.03122825,-0.03117865
197,-1477.5,-0.03142905,-0.0313733
198,-1485,-0.03163015,-0.03156795
199,-1492.5,-0.03183235,-0.03176485
200,-1500,-0.03203535,-0.03196365
201,-1507.5,-0.03223915,-0.03216285
202,-1515,-0.03244455,-0.0323619
203,-1522.5,-0.03265095,-0.03256095
204,-1530,-0.03285905,-0.03276085
205,-1537.5,-0.0330688,-0.0329632
206,-1545,-0.0332787,-0.0331665
207,-1552.5,-0.03348895,-0.03337025
208,-1560,-0.03369945,-0.0335748
209,-1567.5,-0.0339104,-0.03377975
210,-1575,-0.03412125,-0.03398485
211,-1582.5,-0.0343321,-0.0341899
212,-1590,-0.03454385,-0.03439525
213,-1597.5,-0.03475605,-0.0346024
214,-1605,-0.03496815,-0.03480985
215,-1612.5,-0.0351802,-0.0350195
216,-1620,-0.03539395,-0.03522955
217,-1627.5,-0.0356102,-0.0354407
218,-1635,-0.03582645,-0.03565265
219,-1642.5,-0.0360427,-0.03586565
220,-1650,-0.03625925,-0.03607945
221,-1657.5,-0.0364757,-0.0362934
222,-1665,-0.03669205,-0.03650765
223,-1672.5,-0.0369083,-0.03672475
224,-1680,-0.03712475,-0.0369421
225,-1687.5,-0.0373419,-0.0371598
226,-1695,-0.03755905,-0.0373782
227,-1702.5,-0.03777635,-0.0375981
228,-1710,-0.03799445,-0.0378189
229,-1717.5,-0.0382135,-0.03803975
230,-1725,-0.0384331,-0.0382624
231,-1732.5,-0.03865275,-0.0384851
232,-1740,-0.0388724,-0.03870785
233,-1747.5,-0.039093,-0.0389307
234,-1755,-0.0393135,-0.03915355
235,-1762.5,-0.0395339,-0.03937675
236,-1770,-0.0397547,-0.03960075
237,-1777.5,-0.03997535,-0.03982525
238,-1785,-0.0401968,-0.04005155
239,-1792.5,-0.04041855,-0.0402781
240,-1800,-0.0406402,-0.0405048
241,-1807.5,-0.0408639,-0.04073205
242,-1815,-0.0410913,-0.04096025
243,-1822.5,-0.0413208,-0.04118915
244,-1830,-0.04155215,-0.0414179
245,-1837.5,-0.0417848,-0.0416467
246,-1845,-0.0420192,-0.04187545
247,-1852.5,-0.04225465,-0.04210435
248,-1860,-0.04249085,-0.04233365
249,-1867.5,-0.0427273,-0.0425635
250,-1875,-0.0429646,-0.04279385
251,-1882.5,-0.0432025,-0.0430268
252,-1890,-0.04344165,-0.0432633
253,-1897.5,-0.0436814,-0.04350255
254,-1905,-0.0439219,-0.04374355
255,-1912.5,-0.04416405,-0.0439855
256,-1920,-0.0444066,-0.0442287
257,-1927.5,-0.0446501,-0.04447305
258,-1935,-0.044894,-0.0447182
259,-1942.5,-0.04513835,-0.04496365
260,-1950,-0.0453843,-0.0452104
261,-1957.5,-0.04563085,-0.04545725
262,-1965,-0.045878,-0.04570455
263,-1972.5,-0.04612605,-0.04595305
264,-1980,-0.0463749,-0.0462027
265,-1987.5,-0.0466241,-0.0464528
266,-1995,-0.04687405,-0.04670405
267,-2002.5,-0.0471243,-0.04695565
268,-2010,-0.0473747,-0.0472077
269,-2017.5,-0.04762505,-0.0474598
270,-2025,-0.0478762,-0.04771375
271,-2032.5,-0.04812825,-0.04796875
272,-2040,-0.0483806,-0.0482239
273,-2047.5,-0.04863315,-0.0484795
274,-2055,-0.0488866,-0.04873525
275,-2062.5,-0.04914105,-0.04899145
276,-2070,-0.04939745,-0.04924755
277,-2077.5,-0.04965505,-0.0495041
278,-2085,-0.04991375,-0.0497611
279,-2092.5,-0.0501743,-0.05001915
280,-2100,-0.05043895,-0.05027765
281,-2107.5,-0.0507067,-0.0505372
282,-2115,-0.0509766,-0.0507976
283,-2122.5,-0.05124845,-0.0510592
284,-2130,-0.05152175,-0.0513215
285,-2137.5,-0.05179655,-0.051584
286,-2145,-0.0520727,-0.0518465
287,-2152.5,-0.0523491,-0.0521093
288,-2160,-0.05262605,-0.05237315
289,-2167.5,-0.05290415,-0.05263785
290,-2175,-0.05318235,-0.05290495
291,-2182.5,-0.0534615,-0.05317425
292,-2190,-0.0537413,-0.05344465
293,-2197.5,-0.05402155,-0.05371615
294,-2205,-0.05430285,-0.05398855
295,-2212.5,-0.0545849,-0.0542618
296,-2220,-0.0548676,-0.05453585
297,-2227.5,-0.0551508,-0.0548102
298,-2235,-0.05543565,-0.05508525
299,-2242.5,-0.0557217,-0.05536115
300,-2250,-0.0560089,-0.05563705
301,-2257.5,-0.0562967,-0.0559134
302,-2265,-0.05658495,-0.05619025
303,-2272.5,-0.056873,-0.05646815
304,-2280,-0.0571617,-0.05674595
305,-2287.5,-0.0574509,-0.05702435
306,-2295,-0.05774095,-0.05730345
307,-2302.5,-0.0580309,-0.05758375
308,-2310,-0.0583213,-0.0578642
309,-2317.5,-0.05861235,-0.05814445
310,-2325,-0.05890375,-0.0584249
311,-2332.5,-0.05919645,-0.0587064
312,-2340,-0.05948995,-0.05898825
313,-2347.5,-0.0597836,-0.05927015
314,-2355,-0.0600782,-0.05955225
315,-2362.5,-0.06037275,-0.0598355
316,-2370,-0.0606675,-0.06012115
317,-2377.5,-0.0609626,-0.06040915
318,-2385,-0.06125775,-0.06069815
319,-2392.5,-0.06155325,-0.06098795
320,-2400,-0.0618494,-0.06127835
321,-2407.5,-0.0621474,-0.06156925
322,-2415,-0.06244705,-0.0618615
323,-2422.5,-0.06274745,-0.0621544
324,-2430,-0.06304885,-0.0624481
325,-2437.5,-0.0633514,-0.0627431
326,-2445,-0.06365465,-0.06303885
327,-2452.5,-0.06395795,-0.06333515
328,-2460,-0.06426155,-0.0636315
329,-2467.5,-0.06456555,-0.0639281
330,-2475,-0.0648701,-0.064225
331,-2482.5,-0.0651754,-0.06452245
332,-2490,-0.06548165,-0.0648203
333,-2497.5,-0.06578815,-0.06511935
334,-2505,-0.06609545,-0.06541885
335,-2512.5,-0.06640275,-0.0657184
336,-2520,-0.0667105,-0.0660187
337,-2527.5,-0.06701815,-0.06631885
338,-2535,-0.0673261,-0.066619
339,-2542.5,-0.06763415,-0.0669201
340,-2550,-0.0679425,-0.06722165
341,-2557.5,-0.06825205,-0.067523
342,-2565,-0.0685619,-0.06782485
343,-2572.5,-0.068872,-0.0681277
344,-2580,-0.0691821,-0.0684308
345,-2587.5,-0.0694921,-0.06873395
346,-2595,-0.0698021,-0.06903745
347,-2602.5,-0.0701124,-0.06934135
348,-2610,-0.07042275,-0.0696454
349,-2617.5,-0.070733,-0.0699495
350,-2625,-0.0710437,-0.07025355
351,-2632.5,-0.0713545,-0.070558
352,-2640,-0.07166535,-0.0708624
353,-2647.5,-0.07197645,-0.07116695
354,-2655,-0.0722878,-0.0714721
355,-2662.5,-0.0725991,-0.07177725
356,-2670,-0.0729107,-0.0720822
357,-2677.5,-0.0732224,-0.07238705
358,-2685,-0.0735341,-0.07269175
359,-2692.5,-0.07384645,-0.07299665
360,-2700,-0.0741586,-0.07330145
361,-2707.5,-0.07447125,-0.0736061
362,-2715,-0.07478385,-0.07391165
363,-2722.5,-0.07509675,-0.07421765
364,-2730,-0.0754099,-0.0745244
365,-2737.5,-0.07572285,-0.07483155
366,-2745,-0.0760359,-0.0751385
367,-2752.5,-0.07634955,-0.0754453
368,-2760,-0.0766631,-0.07575245
369,-2767.5,-0.0769768,-0.07606
370,-2775,-0.0772908,-0.07636735
371,-2782.5,-0.0776049,-0.0766745
372,-2790,-0.0779188,-0.0769818
373,-2797.5,-0.07823255,-0.07728895
374,-2805,-0.07854605,-0.0775959
375,-2812.5,-0.07885965,-0.07790325
376,-2820,-0.07917465,-0.07821075
377,-2827.5,-0.0794898,-0.07851845
378,-2835,-0.07980465,-0.07882655
379,-2842.5,-0.08011965,-0.0791351
380,-2850,-0.08043445,-0.07944375
381,-2857.5,-0.08074915,-0.0797521
382,-2865,-0.0810638,-0.0800602
383,-2872.5,-0.0813785,-0.08036815
384,-2880,-0.08169305,-0.0806768
385,-2887.5,-0.0820076,-0.0809865
386,-2895,-0.08232215,-0.08129685
387,-2902.5,-0.0826373,-0.0816072
388,-2910,-0.08295285,-0.08191815
389,-2917.5,-0.0832684,-0.0822296
390,-2925,-0.08358395,-0.08254085
391,-2932.5,-0.0838996,-0.08285245
392,-2940,-0.08421555,-0.0831646
393,-2947.5,-0.0845319,-0.0834765
394,-2955,-0.08484905,-0.08378825
395,-2962.5,-0.0851665,-0.0841003
396,-2970,-0.0854841,-0.0844132
397,-2977.5,-0.08580145,-0.0847263
398,-2985,-0.08611875,-0.0850394
399,-2992.5,-0.08643595,-0.08535245
400,-3000,-0.08675335,-0.08566575
401,-2992.5,-0.08662845,-0.08553245
402,-2985,-0.08650345,-0.08541875
403,-2977.5,-0.0863784,-0.0852936
404,-2970,-0.08625335,-0.0851684
405,-2962.5,-0.08612825,-0.0850432
406,-2955,-0.08600305,-0.0849179
407,-2947.5,-0.0858778,-0.0847926
408,-2940,-0.0857525,-0.08466725
409,-2932.5,-0.08562715,-0.08454175
410,-2925,-0.0855018,-0.0844163
411,-2917.5,-0.0853764,-0.0842908
412,-2910,-0.0852509,-0.0841652
413,-2902.5,-0.08512535,-0.08403955
414,-2895,-0.08499975,-0.08391385
415,-2887.5,-0.0848741,-0.08378815
416,-2880,-0.0847484,-0.08366235
417,-2872.5,-0.08462265,-0.08353645
418,-2865,-0.08449685,-0.0834106
419,-2857.5,-0.084371,-0.0832846
420,-2850,-0.0842451,-0.0831586
421,-2842.5,-0.0841192,-0.0830326
422,-2835,-0.08399315,-0.08290645
423,-2827.5,-0.0838671,-0.08278035
424,-2820,-0.083741,-0.0826541
425,-2812.5,-0.08361485,-0.08252785
426,-2805,-0.08348865,-0.0824015
427,-2797.5,-0.0833624,-0.08227515
428,-2790,-0.0832361,-0.08214875
429,-2782.5,-0.0831097,-0.08202225
430,-2775,-0.0829833,-0.08189575
431,-2767.5,-0.08285685,-0.08176915
432,-2760,-0.0827303,-0.08164255
433,-2752.5,-0.0826037,-0.08151585
434,-2745,-0.0824771,-0.0813891
435,-2737.5,-0.08235045,-0.08126235
436,-2730,-0.0822237,-0.0811355
437,-2722.5,-0.0820969,-0.08100865
438,-2715,-0.08197005,-0.08088165
439,-2707.5,-0.08184315,-0.08075465
440,-2700,-0.08171625,-0.0806276
441,-2692.5,-0.0815893,-0.0805005
442,-2685,-0.0814622,-0.08037335
443,-2677.5,-0.08133515,-0.08024615
444,-2670,-0.08120795,-0.08011885
445,-2662.5,-0.0810808,-0.07999155
446,-2655,-0.0809535,-0.0798642
447,-2647.5,-0.0808262,-0.0797368
448,-2640,-0.08069885,-0.0796093
449,-2632.5,-0.0805714,-0.0794818
450,-2625,-0.080444,-0.0793542
451,-2617.5,-0.08031645,-0.07922655
452,-2610,-0.08018885,-0.07909885
453,-2602.5,-0.08006125,-0.07897115
454,-2595,-0.0799336,-0.07884335
455,-2587.5,-0.07980585,-0.0787155
456,-2580,-0.07967805,-0.0785876
457,-2572.5,-0.07955025,-0.07845965
458,-2565,-0.0794223,-0.07833165
459,-2557.5,-0.0792944,-0.07820355
460,-2550,-0.07916645,-0.07807545
461,-2542.5,-0.07903835,-0.0779473
462,-2535,-0.0789103,-0.0778191
463,-2527.5,-0.0787821,-0.0776908
464,-2520,-0.07865385,-0.07756245
465,-2512.5,-0.07852565,-0.07743405
466,-2505,-0.0783973,-0.07730565
467,-2497.5,-0.07826895,-0.07717715
468,-2490,-0.07814055,-0.0770486
469,-2482.5,-0.07801205,-0.07692
470,-2475,-0.0778835,-0.0767914
471,-2467.5,-0.07775495,-0.07666265
472,-2460,-0.0776263,-0.07653395
473,-2452.5,-0.07749765,-0.0764051
474,-2445,-0.0773689,-0.07627625
475,-2437.5,-0.0772401,-0.0761473
476,-2430,-0.07711125,-0.0760183
477,-2422.5,-0.07698235,-0.0758893
478,-2415,-0.0768534,-0.07576025
479,-2407.5,-0.0767244,-0.07563105
480,-2400,-0.0765953,-0.0755019
481,-2392.5,-0.07646615,-0.07537265
482,-2385,-0.076337,-0.07524335
483,-2377.5,-0.0762078,-0.075114
484,-2370,-0.0760785,-0.0749846
485,-2362.5,-0.07594915,-0.07485515
486,-2355,-0.07581975,-0.0747256
487,-2347.5,-0.0756903,-0.07459605
488,-2340,-0.0755608,-0.0744664
489,-2332.5,-0.07543125,-0.0743367
490,-2325,-0.07530165,-0.074207
491,-2317.5,-0.075172,-0.0740772
492,-2310,-0.0750423,-0.07394735
493,-2302.5,-0.07491255,-0.07381745
494,-2295,-0.07478275,-0.07368745
495,-2287.5,-0.0746528,-0.07355745
496,-2280,-0.0745229,-0.0734274
497,-2272.5,-0.0743929,-0.0732973
498,-2265,-0.07426285,-0.0731671
499,-2257.5,-0.07413275,-0.07303685
500,-2250,-0.0740026,-0.07290655
501,-2242.5,-0.0738724,-0.07277625
502,-2235,-0.07374215,-0.07264585
503,-2227.5,-0.07361185,-0.0725154
504,-2220,-0.0734815,-0.0723849
505,-2212.5,-0.07335105,-0.0722543
506,-2205,-0.07322055,-0.0721237
507,-2197.5,-0.07309005,-0.07199305
508,-2190,-0.07295945,-0.07186235
509,-2182.5,-0.0728288,-0.07173155
510,-2175,-0.0726981,-0.0716007
511,-2167.5,-0.07256735,-0.0714698
512,-2160,-0.07243655,-0.07133885
513,-2152.5,-0.0723057,-0.07120785
514,-2145,-0.07217475,-0.07107675
515,-2137.5,-0.07204375,-0.07094565
516,-2130,-0.07191275,-0.0708145
517,-2122.5,-0.0717817,-0.07068325
518,-2115,-0.0716505,-0.070552
519,-2107.5,-0.07151935,-0.0704206
520,-2100,-0.07138805,-0.07028925
521,-2092.5,-0.0712568,-0.07015775
522,-2085,-0.0711254,-0.07002625
523,-2077.5,-0.07099395,-0.0698947
524,-2070,-0.0708625,-0.0697631
525,-2062.5,-0.070731,-0.0696314
526,-2055,-0.0705994,-0.0694997
527,-2047.5,-0.07046775,-0.0693679
528,-2040,-0.07033605,-0.06923605
529,-2032.5,-0.0702043,-0.06910415
530,-2025,-0.0700725,-0.0689722
531,-2017.5,-0.06994065,-0.0688402
532,-2010,-0.0698087,-0.0687081
533,-2002.5,-0.0696767,-0.068576
534,-1995,-0.0695447,-0.0684438
535,-1987.5,-0.0694126,-0.06831155
536,-1980,-0.06928045,-0.06817925
537,-1972.5,-0.06914825,-0.0680469
538,-1965,-0.069016,-0.0679145
539,-1957.5,-0.0688837,-0.067782
540,-1950,-0.06875135,-0.0676495
541,-1942.5,-0.0686189,-0.0675169
542,-1935,-0.0684864,-0.06738425
543,-1927.5,-0.0683539,-0.06725155
544,-1920,-0.06822125,-0.06711885
545,-1912.5,-0.06808865,-0.06698605
546,-1905,-0.0679559,-0.0668532
547,-1897.5,-0.06782315,-0.06672025
548,-1890,-0.06769035,-0.06658725
549,-1882.5,-0.06755745,-0.06645425
550,-1875,-0.0674245,-0.06632115
551,-1867.5,-0.0672915,-0.066188
552,-1860,-0.0671585,-0.0660548
553,-1852.5,-0.06702535,-0.0659215
554,-1845,-0.0668922,-0.0657882
555,-1837.5,-0.066759,-0.06565485
556,-1830,-0.06662575,-0.06552135
557,-1822.5,-0.06649235,-0.0653879
558,-1815,-0.066359,-0.06525435
559,-1807.5,-0.0662256,-0.06512075
560,-1800,-0.06609205,-0.0649871
561,-1792.5,-0.06595845,-0.06485335
562,-1785,-0.06582485,-0.06471955
563,-1777.5,-0.0656912,-0.06458575
564,-1770,-0.0655575,-0.06445185
565,-1762.5,-0.06542365,-0.06431785
566,-1755,-0.06528985,-0.06418385
567,-1747.5,-0.0651559,-0.0640498
568,-1740,-0.065022,-0.0639157
569,-1732.5,-0.06488795,-0.0637815
570,-1725,-0.06475385,-0.06364725
571,-1717.5,-0.06461975,-0.06351295
572,-1710,-0.06448555,-0.06337855
573,-1702.5,-0.0643513,-0.06324415
574,-1695,-0.06421695,-0.0631097
575,-1687.5,-0.0640826,-0.06297515
576,-1680,-0.0639482,-0.06284055
577,-1672.5,-0.06381375,-0.0627059
578,-1665,-0.06367915,-0.0625712
579,-1657.5,-0.0635446,-0.06243645
580,-1650,-0.0634099,-0.0623016
581,-1642.5,-0.0632752,-0.0621667
582,-1635,-0.06314045,-0.0620318
583,-1627.5,-0.06300565,-0.0618968
584,-1620,-0.0628707,-0.06176175
585,-1612.5,-0.0627358,-0.0616266
586,-1605,-0.0626008,-0.06149145
587,-1597.5,-0.06246575,-0.0613562
588,-1590,-0.0623306,-0.0612209
589,-1582.5,-0.06219545,-0.0610855
590,-1575,-0.0620602,-0.0609501
591,-1567.5,-0.0619249,-0.06081465
592,-1560,-0.06178955,-0.06067915
593,-1552.5,-0.06165415,-0.06054355
594,-1545,-0.06151865,-0.0604079
595,-1537.5,-0.06138315,-0.0602722
596,-1530,-0.06124755,-0.0601364
597,-1522.5,-0.0611119,-0.0600006
598,-1515,-0.0609762,-0.0598647
599,-1507.5,-0.06084045,-0.05972875
600,-1500,-0.06070465,-0.05959275
601,-1492.5,-0.0605688,-0.0594567
602,-1485,-0.0604328,-0.0593206
603,-1477.5,-0.06029685,-0.0591844
604,-1470,-0.06016075,-0.05904815
605,-1462.5,-0.0600246,-0.05891185
606,-1455,-0.05988845,-0.05877545
607,-1447.5,-0.05975225,-0.05863905
608,-1440,-0.05961595,-0.0585026
609,-1432.5,-0.0594796,-0.0583661
610,-1425,-0.0593432,-0.05822945
611,-1417.5,-0.0592067,-0.0580928
612,-1410,-0.05907015,-0.05795605
613,-1402.5,-0.0589336,-0.05781935
614,-1395,-0.0587969,-0.05768245
615,-1387.5,-0.05866025,-0.0575456
616,-1380,-0.05852345,-0.0574086
617,-1372.5,-0.05838665,-0.0572716
618,-1365,-0.05824975,-0.0571345
619,-1357.5,-0.0581128,-0.05699735
620,-1350,-0.05797575,-0.05686015
621,-1342.5,-0.0578387,-0.05672295
622,-1335,-0.0577016,-0.0565856
623,-1327.5,-0.0575644,-0.0564482
624,-1320,-0.05742715,-0.0563108
625,-1312.5,-0.05728985,-0.0561733
626,-1305,-0.0571525,-0.05603575
627,-1297.5,-0.0570151,-0.05589815
628,-1290,-0.05687755,-0.05576045
629,-1282.5,-0.05674005,-0.0556227
630,-1275,-0.0566024,-0.0554849
631,-1267.5,-0.0564648,-0.055347
632,-1260,-0.05632705,-0.0552091
633,-1252.5,-0.05618925,-0.05507115
634,-1245,-0.0560514,-0.05493305
635,-1237.5,-0.0559135,-0.05479495
636,-1230,-0.05577555,-0.0546568
637,-1222.5,-0.05563755,-0.0545186
638,-1215,-0.0554994,-0.0543803
639,-1207.5,-0.0553613,-0.05424195
640,-1200,-0.05522305,-0.05410355
641,-1192.5,-0.05508475,-0.05396505
642,-1185,-0.05494645,-0.0538265
643,-1177.5,-0.0548081,-0.0536879
644,-1170,-0.0546696,-0.0535493
645,-1162.5,-0.05453115,-0.05341055
646,-1155,-0.05439255,-0.05327175
647,-1147.5,-0.0542539,-0.05313295
648,-1140,-0.0541152,-0.05299405
649,-1132.5,-0.05397645,-0.05285505
650,-1125,-0.05383765,-0.05271605
651,-1117.5,-0.05369875,-0.05257695
652,-1110,-0.0535598,-0.0524378
653,-1102.5,-0.05342085,-0.0522986
654,-1095,-0.05328175,-0.05215935
655,-1087.5,-0.0531426,-0.05201995
656,-1080,-0.05300345,-0.0518806
657,-1072.5,-0.0528642,-0.05174115
658,-1065,-0.05272485,-0.0516016
659,-1057.5,-0.0525855,-0.05146205
660,-1050,-0.0524461,-0.0513224
661,-1042.5,-0.0523066,-0.0511827
662,-1035,-0.05216705,-0.05104295
663,-1027.5,-0.0520274,-0.0509031
664,-1020,-0.05188775,-0.0507632
665,-1012.5,-0.051748,-0.0506233
666,-1005,-0.05160825,-0.0504832
667,-997.5,-0.05146835,-0.05034315
668,-990,-0.0513284,-0.05020305
669,-982.5,-0.05118845,-0.05006285
670,-975,-0.05104835,-0.04992255
671,-967.5,-0.0509083,-0.0497822
672,-960,-0.0507681,-0.0496418
673,-952.5,-0.0506279,-0.0495014
674,-945,-0.05048755,-0.04936085
675,-937.5,-0.05034725,-0.04922025
676,-930,-0.0502068,-0.04907965
677,-922.5,-0.0500663,-0.04893895
678,-915,-0.04992575,-0.0487982
679,-907.5,-0.04978515,-0.0486573
680,-900,-0.0496445,-0.04851645
681,-892.5,-0.0495038,-0.0483755
682,-885,-0.04936295,-0.04823445
683,-877.5,-0.04922215,-0.04809335
684,-870,-0.0490812,-0.04795225
685,-862.5,-0.0489402,-0.04781105
686,-855,-0.04879915,-0.0476698
687,-847.5,-0.04865805,-0.0475284
688,-840,-0.0485169,-0.04738705
689,-832.5,-0.0483756,-0.04724555
690,-825,-0.04823435,-0.04710405
691,-817.5,-0.04809295,-0.04696245
692,-810,-0.04795155,-0.0468208
693,-802.5,-0.0478101,-0.0466791
694,-795,-0.04766855,-0.0465373
695,-787.5,-0.04752695,-0.04639545
696,-780,-0.04738525,-0.04625355
697,-772.5,-0.0472435,-0.04611155
698,-765,-0.0471017,-0.04596955
699,-757.5,-0.04695985,-0.04582745
700,-750,-0.0468179,-0.0456853
701,-742.5,-0.0466759,-0.0455431
702,-735,-0.04653385,-0.04540075
703,-727.5,-0.04639175,-0.04525845
704,-720,-0.04624955,-0.045116
705,-712.5,-0.0461073,-0.0449735
706,-705,-0.045965,-0.044831
707,-697.5,-0.04582265,-0.0446884
708,-690,-0.04568015,-0.0445457
709,-682.5,-0.0455377,-0.04440295
710,-675,-0.0453951,-0.04426015
711,-667.5,-0.0452525,-0.04411725
712,-660,-0.04510975,-0.04397435
713,-652.5,-0.04496705,-0.0438313
714,-645,-0.0448242,-0.0436883
715,-637.5,-0.04468135,-0.04354515
716,-630,-0.04453835,-0.04340195
717,-622.5,-0.04439535,-0.04325865
718,-615,-0.0442523,-0.04311535
719,-607.5,-0.04410915,-0.042972
720,-600,-0.04396595,-0.0428285
721,-592.5,-0.04382265,-0.042685
722,-585,-0.0436793,-0.0425414
723,-577.5,-0.0435359,-0.0423978
724,-570,-0.04339245,-0.04225405
725,-562.5,-0.04324895,-0.04211025
726,-555,-0.0431053,-0.04196645
727,-547.5,-0.0429617,-0.04182255
728,-540,-0.04281795,-0.0416786
729,-532.5,-0.04267415,-0.0415345
730,-525,-0.0425303,-0.0413904
731,-517.5,-0.0423864,-0.04124625
732,-510,-0.0422424,-0.04110205
733,-502.5,-0.04209835,-0.0409577
734,-495,-0.04195425,-0.04081335
735,-487.5,-0.0418101,-0.0406689
736,-480,-0.0416658,-0.0405244
737,-472.5,-0.04152155,-0.04037985
738,-465,-0.04137715,-0.04023525
739,-457.5,-0.0412327,-0.04009055
740,-450,-0.0410882,-0.03994575
741,-442.5,-0.04094365,-0.0398009
742,-435,-0.040799,-0.039656
743,-427.5,-0.0406543,-0.0395111
744,-420,-0.0405095,-0.03936605
745,-412.5,-0.04036465,-0.03922095
746,-405,-0.04021975,-0.0390758
747,-397.5,-0.0400748,-0.03893055
748,-390,-0.0399298,-0.0387853
749,-382.5,-0.03978465,-0.0386399
750,-375,-0.03963955,-0.0384945
751,-367.5,-0.0394943,-0.038349
752,-360,-0.039349,-0.03820345
753,-352.5,-0.03920365,-0.03805785
754,-345,-0.03905825,-0.03791215
755,-337.5,-0.0389127,-0.0377664
756,-330,-0.0387672,-0.0376205
757,-322.5,-0.03862155,-0.03747465
758,-315,-0.03847585,-0.0373287
759,-307.5,-0.0383301,-0.03718265
760,-300,-0.0381843,-0.03703655
761,-292.5,-0.03803835,-0.0368904
762,-285,-0.03789245,-0.0367442
763,-277.5,-0.0377464,-0.0365979
764,-270,-0.0376003,-0.0364515
765,-262.5,-0.03745415,-0.0363051
766,-255,-0.03730795,-0.03615865
767,-247.5,-0.0371616,-0.03601205
768,-240,-0.0370153,-0.0358654
769,-232.5,-0.03686885,-0.0357187
770,-225,-0.03672235,-0.03557195
771,-217.5,-0.0365758,-0.0354251
772,-210,-0.0364292,-0.0352782
773,-202.5,-0.0362825,-0.03513125
774,-195,-0.03613575,-0.0349842
775,-187.5,-0.0359889,-0.0348371
776,-180,-0.035842,-0.0346899
777,-172.5,-0.035695,-0.0345427
778,-165,-0.035548,-0.0343954
779,-157.5,-0.0354009,-0.034248
780,-150,-0.03525375,-0.03410055
781,-142.5,-0.0351065,-0.03395305
782,-135,-0.0349592,-0.03380545
783,-127.5,-0.03481185,-0.0336578
784,-120,-0.0346644,-0.0335101
785,-112.5,-0.0345169,-0.0333623
786,-105,-0.03436935,-0.03321445
787,-97.5,-0.03422165,-0.03306655
788,-90,-0.034074,-0.03291855
789,-82.5,-0.0339262,-0.0327705
790,-75,-0.03377835,-0.03262235
791,-67.5,-0.03363045,-0.0324742
792,-60,-0.0334825,-0.0323259
793,-52.5,-0.0333344,-0.03217755
794,-45,-0.0331863,-0.03202915
795,-37.5,-0.03303815,-0.03188065
796,-30,-0.0328899,-0.03173215
797,-22.5,-0.0327416,-0.0315835
798,-15,-0.0325932,-0.0314348
799,-7.5,-0.03244475,-0.0312861
800,0,-0.0322962,-0.03113725
801,7.5,-0.0321476,-0.03098835
802,15,-0.03199895,-0.03083945
803,22.5,-0.0318502,-0.0306904
804,30,-0.0317014,-0.0305413
805,37.5,-0.0315525,-0.03039215
806,45,-0.0314036,-0.0302429
807,52.5,-0.0312546,-0.0300936
808,60,-0.03110555,-0.02994425
809,67.5,-0.0309564,-0.0297948
810,75,-0.03080715,-0.0296453
811,82.5,-0.03065785,-0.0294957
812,90,-0.03050855,-0.029346
813,97.5,-0.0303591,-0.0291963
814,105,-0.0302096,-0.02904655
815,112.5,-0.03006005,-0.02889665
816,120,-0.02991045,-0.02874675
817,127.5,-0.0297607,-0.0285967
818,135,-0.02961095,-0.02844665
819,142.5,-0.0294611,-0.0282965
820,150,-0.0293112,-0.0281463
821,157.5,-0.0291612,-0.027996
822,165,-0.0290112,-0.02784565
823,172.5,-0.02886105,-0.02769525
824,180,-0.02871085,-0.0275447
825,187.5,-0.0285606,-0.0273942
826,195,-0.0284103,-0.0272435
827,202.5,-0.0282599,-0.0270928
828,210,-0.02810945,-0.02694205
829,217.5,-0.02795885,-0.02679115
830,225,-0.0278083,-0.02664025
831,232.5,-0.0276576,-0.0264893
832,240,-0.02750685,-0.0263382
833,247.5,-0.02735605,-0.0261871
834,255,-0.0272051,-0.02603585
835,262.5,-0.0270542,-0.0258846
836,270,-0.02690315,-0.02573325
837,277.5,-0.02675205,-0.02558185
838,285,-0.0266009,-0.02543035
839,292.5,-0.0264496,-0.0252788
840,300,-0.0262983,-0.02512715
841,307.5,-0.02614695,-0.02497545
842,315,-0.0259955,-0.02482365
843,322.5,-0.0258439,-0.02467185
844,330,-0.02569235,-0.0245199
845,337.5,-0.02554065,-0.0243679
846,345,-0.02538895,-0.0242158
847,352.5,-0.0252371,-0.0240637
848,360,-0.02508525,-0.0239115
849,367.5,-0.02493325,-0.02375925
850,375,-0.02478125,-0.02360685
851,382.5,-0.0246292,-0.02345445
852,390,-0.024477,-0.02330195
853,397.5,-0.02432475,-0.0231494
854,405,-0.02417245,-0.02299675
855,412.5,-0.0240201,-0.02284405
856,420,-0.0238676,-0.02269125
857,427.5,-0.02371505,-0.02253835
858,435,-0.02356245,-0.02238545
859,442.5,-0.0234098,-0.02223245
860,450,-0.0232571,-0.0220794
861,457.5,-0.02310425,-0.02192625
862,465,-0.02295135,-0.021773
863,472.5,-0.0227984,-0.02161975
864,480,-0.0226454,-0.02146635
865,487.5,-0.02249225,-0.0213129
866,495,-0.0223391,-0.0211594
867,502.5,-0.02218585,-0.0210058
868,510,-0.0220325,-0.02085215
869,517.5,-0.02187915,-0.02069845
870,525,-0.02172565,-0.02054465
871,532.5,-0.0215721,-0.02039075
872,540,-0.0214185,-0.0202368
873,547.5,-0.02126485,-0.0200828
874,555,-0.02111105,-0.0199287
875,562.5,-0.02095725,-0.0197745
876,570,-0.02080335,-0.01962025
877,577.5,-0.02064935,-0.01946595
878,585,-0.02049535,-0.01931155
879,592.5,-0.0203412,-0.01915705
880,600,-0.020187,-0.0190025
881,607.5,-0.02003275,-0.0188479
882,615,-0.01987835,-0.0186932
883,622.5,-0.019724,-0.01853845
884,630,-0.0195695,-0.01838365
885,637.5,-0.01941495,-0.01822875
886,645,-0.0192603,-0.01807375
887,652.5,-0.0191056,-0.0179187
888,660,-0.0189508,-0.0177635
889,667.5,-0.01879595,-0.0176083
890,675,-0.01864105,-0.01745305
891,682.5,-0.01848605,-0.01729765
892,690,-0.01833095,-0.01714225
893,697.5,-0.0181758,-0.01698675
894,705,-0.01802055,-0.0168312
895,712.5,-0.01786525,-0.0166755
896,720,-0.0177099,-0.0165198
897,727.5,-0.01755445,-0.01636395
898,735,-0.01739895,-0.01620805
899,742.5,-0.01724335,-0.01605215
900,750,-0.01708765,-0.0158961
901,757.5,-0.0169319,-0.01574
902,765,-0.0167761,-0.0155838
903,772.5,-0.0166202,-0.01542755
904,780,-0.0164642,-0.01527125
905,787.5,-0.0163082,-0.01511475
906,795,-0.01615205,-0.01495815
907,802.5,-0.01599585,-0.01480145
908,810,-0.0158396,-0.0146446
909,817.5,-0.0156833,-0.0144877
910,825,-0.01552685,-0.0143307
911,832.5,-0.01537035,-0.01417365
912,840,-0.0152138,-0.01401645
913,847.5,-0.0150571,-0.01385925
914,855,-0.0149004,-0.01370195
915,862.5,-0.01474365,-0.0135446
916,870,-0.01458675,-0.0133871
917,877.5,-0.0144298,-0.0132296
918,885,-0.0142728,-0.01307195
919,892.5,-0.01411565,-0.01291425
920,900,-0.0139585,-0.01275655
921,907.5,-0.0138013,-0.0125987
922,915,-0.01364395,-0.0124408
923,922.5,-0.01348655,-0.0122828
924,930,-0.01332905,-0.0121247
925,937.5,-0.0131715,-0.01196655
926,945,-0.0130139,-0.01180835
927,952.5,-0.0128562,-0.01165005
928,960,-0.0126984,-0.0114917
929,967.5,-0.01254055,-0.0113332
930,975,-0.0123826,-0.0111747
931,982.5,-0.01222465,-0.01101605
932,990,-0.01206655,-0.01085735
933,997.5,-0.0119084,-0.01069865
934,1005,-0.0117501,-0.0105398
935,1012.5,-0.01159185,-0.01038085
936,1020,-0.01143345,-0.0102219
937,1027.5,-0.01127495,-0.0100628
938,1035,-0.0111164,-0.00990364
939,1042.5,-0.0109578,-0.00974441
940,1050,-0.0107991,-0.009585105
941,1057.5,-0.0106403,-0.00942572
942,1065,-0.0104815,-0.009266255
943,1072.5,-0.01032255,-0.00910671
944,1080,-0.01016355,-0.008947095
945,1087.5,-0.010004465,-0.00878739
946,1095,-0.00984529,-0.008627615
947,1102.5,-0.00968605,-0.00846776
948,1110,-0.00952673,-0.008307825
949,1117.5,-0.00936734,-0.008147815
950,1125,-0.00920787,-0.007987725
951,1132.5,-0.00904832,-0.007827555
952,1140,-0.00888869,-0.007667305
953,1147.5,-0.00872899,-0.007506975
954,1155,-0.008569205,-0.00734657
955,1162.5,-0.00840935,-0.007186085
956,1170,-0.008249405,-0.00702552
957,1177.5,-0.00808939,-0.00686488
958,1185,-0.007929295,-0.00670416
959,1192.5,-0.007769125,-0.006543355
960,1200,-0.007608875,-0.006382475
961,1207.5,-0.007448545,-0.006221365
962,1215,-0.00728814,-0.00606006
963,1222.5,-0.007127655,-0.00589854
964,1230,-0.00696709,-0.005736835
965,1237.5,-0.006806445,-0.00557481
966,1245,-0.006645725,-0.005412695
967,1252.5,-0.006484925,-0.0052505
968,1260,-0.006324045,-0.005088235
969,1267.5,-0.00616309,-0.00492588
970,1275,-0.00600205,-0.004763445
971,1282.5,-0.005840935,-0.00460093
972,1290,-0.00567974,-0.00443796
973,1297.5,-0.00551847,-0.004274725
974,1305,-0.005357115,-0.00411082
975,1312.5,-0.00519568,-0.003946605
976,1320,-0.00503417,-0.00378227
977,1327.5,-0.004872575,-0.00361783
978,1335,-0.00471091,-0.00345292
979,1342.5,-0.004549155,-0.003287655
980,1350,-0.00438733,-0.00312229
981,1357.5,-0.004225415,-0.002956755
982,1365,-0.00406343,-0.002791
983,1372.5,-0.003901185,-0.002625145
984,1380,-0.00373882,-0.00245901
985,1387.5,-0.003576375,-0.002292785
986,1395,-0.00341385,-0.00212648
987,1402.5,-0.003251245,-0.001960085
988,1410,-0.003087955,-0.001793605
989,1417.5,-0.002924395,-0.001626505
990,1425,-0.002760755,-0.00145919
991,1432.5,-0.00259703,-0.00129165
992,1440,-0.002433225,-0.0011237
993,1447.5,-0.00226934,-0.000955206
994,1455,-0.0021047,-0.0007861785
995,1462.5,-0.001939665,-0.0006168195
996,1470,-0.00177455,-0.0004470735
997,1477.5,-0.001609165,-0.0002762675
998,1485,-0.00144351,-0.000104499
999,1492.5,-0.001277765,6.75654E-05
1000,1500,-0.00111194,0.000239907
1001,1507.5,-0.000946026,0.000412448
1002,1515,-0.0007800275,0.000585745
1003,1522.5,-0.000613944,0.0007594475
1004,1530,-0.000447775,0.000933248
1005,1537.5,-0.0002815205,0.00110745
1006,1545,-0.000115181,0.00128232
1007,1552.5,5.1245E-05,0.00145809
1008,1560,0.0002180025,0.001634065
1009,1567.5,0.000385323,0.001810715
1010,1575,0.000552731,0.00198788
1011,1582.5,0.000720227,0.00216544
1012,1590,0.0008883935,0.00234369
1013,1597.5,0.001057475,0.002522555
1014,1605,0.001228355,0.002702915
1015,1612.5,0.0013996,0.002884295
1016,1620,0.00157235,0.00306595
1017,1627.5,0.001745645,0.00324904
1018,1635,0.001919975,0.003434545
1019,1642.5,0.00209533,0.003621515
1020,1650,0.00227112,0.003809515
1021,1657.5,0.00244802,0.00399872
1022,1665,0.00262529,0.004189325
1023,1672.5,0.002803355,0.00438043
1024,1680,0.002981685,0.004571675
1025,1687.5,0.00316061,0.00476326
1026,1695,0.00334012,0.00495632
1027,1702.5,0.00352037,0.005150105
1028,1710,0.003702325,0.005344025
1029,1717.5,0.003885955,0.005538085
1030,1725,0.004070095,0.00573247
1031,1732.5,0.004255785,0.00592703
1032,1740,0.004443165,0.00612223
1033,1747.5,0.00463086,0.006318515
1034,1755,0.0048192,0.00651495
1035,1762.5,0.005008295,0.00671283
1036,1770,0.00519904,0.006911435
1037,1777.5,0.0053915,0.00711076
1038,1785,0.00558702,0.007310685
1039,1792.5,0.0057836,0.00751233
1040,1800,0.005981475,0.007714205
1041,1807.5,0.006182885,0.007916315
1042,1815,0.006386035,0.0081192
1043,1822.5,0.00659158,0.008323805
1044,1830,0.00679839,0.00853041
1045,1837.5,0.007007625,0.008739665
1046,1845,0.00721818,0.00895113
1047,1852.5,0.007430805,0.009167995
1048,1860,0.007649065,0.009385575
1049,1867.5,0.007869845,0.009605235
1050,1875,0.00809213,0.00982585
1051,1882.5,0.00831551,0.01004875
1052,1890,0.008540295,0.0102729
1053,1897.5,0.00876682,0.01049965
1054,1905,0.00899408,0.0107279
1055,1912.5,0.009221825,0.0109615
1056,1920,0.00945001,0.01119915
1057,1927.5,0.00967902,0.01143805
1058,1935,0.009908645,0.01167775
1059,1942.5,0.01013875,0.0119183
1060,1950,0.01036915,0.0121598
1061,1957.5,0.01059975,0.01240205
1062,1965,0.01083065,0.01264635
1063,1972.5,0.0110618,0.0128919
1064,1980,0.01129315,0.0131389
1065,1987.5,0.0115266,0.0133864
1066,1995,0.01176375,0.01363435
1067,2002.5,0.01200295,0.0138834
1068,2010,0.0122434,0.0141339
1069,2017.5,0.01248485,0.0143856
1070,2025,0.0127272,0.0146387
1071,2032.5,0.0129719,0.01489225
1072,2040,0.01321705,0.0151464
1073,2047.5,0.0134632,0.015402
1074,2055,0.0137099,0.015658
1075,2062.5,0.0139579,0.01591435
1076,2070,0.01420855,0.01617095
1077,2077.5,0.0144614,0.0164279
1078,2085,0.01471475,0.0166854
1079,2092.5,0.01496955,0.01694375
1080,2100,0.0152257,0.01720245
1081,2107.5,0.0154822,0.0174617
1082,2115,0.01573915,0.0177212
1083,2122.5,0.0159969,0.0179812
1084,2130,0.016256,0.0182416
1085,2137.5,0.0165156,0.01850245
1086,2145,0.0167756,0.0187639
1087,2152.5,0.0170383,0.01902565
1088,2160,0.0173046,0.0192877
1089,2167.5,0.01757385,0.0195501
1090,2175,0.0178464,0.0198132
1091,2182.5,0.01812195,0.02007885
1092,2190,0.0184002,0.02034615
1093,2197.5,0.01868105,0.02061445
1094,2205,0.0189657,0.0208841
1095,2212.5,0.0192558,0.0211549
1096,2220,0.01954945,0.02142625
1097,2227.5,0.01984675,0.02169865
1098,2235,0.02014575,0.0219731
1099,2242.5,0.0204469,0.02225375
1100,2250,0.0207503,0.02253795
1101,2257.5,0.0210546,0.02282545
1102,2265,0.02136105,0.0231161
1103,2272.5,0.02167175,0.0234112
1104,2280,0.0219843,0.02370755
1105,2287.5,0.0222975,0.02400735
1106,2295,0.02261265,0.0243101
1107,2302.5,0.02292915,0.024621
1108,2310,0.02324705,0.02493685
1109,2317.5,0.0235658,0.02525495
1110,2325,0.0238854,0.02557525
1111,2332.5,0.02420755,0.02589725
1112,2340,0.02453245,0.02622145
1113,2347.5,0.02485805,0.02654765
1114,2355,0.02518505,0.02687555
1115,2362.5,0.0255136,0.02720655
1116,2370,0.02584335,0.0275388
1117,2377.5,0.0261748,0.02787215
1118,2385,0.02650695,0.02820685
1119,2392.5,0.0268404,0.02854355
1120,2400,0.02717565,0.0288824
1121,2407.5,0.0275122,0.02922305
1122,2415,0.02784955,0.0295656
1123,2422.5,0.02818805,0.02990925
1124,2430,0.0285284,0.0302549
1125,2437.5,0.02886955,0.030606
1126,2445,0.0292119,0.0309593
1127,2452.5,0.029555,0.0313157
1128,2460,0.02989925,0.03167455
1129,2467.5,0.0302456,0.0320358
1130,2475,0.030595,0.03239875
1131,2482.5,0.03094685,0.03276375
1132,2490,0.0313006,0.03312985
1133,2497.5,0.03165635,0.0334987
1134,2505,0.0320187,0.03386915
1135,2512.5,0.03238685,0.0342405
1136,2520,0.03275725,0.034614
1137,2527.5,0.0331299,0.03498905
1138,2535,0.03350515,0.0353691
1139,2542.5,0.0338858,0.0357556
1140,2550,0.03427355,0.0361464
1141,2557.5,0.0346654,0.03654015
1142,2565,0.03506095,0.0369376
1143,2572.5,0.0354594,0.03733835
1144,2580,0.0358606,0.03774135
1145,2587.5,0.0362659,0.038146
1146,2595,0.03667425,0.03855415
1147,2602.5,0.03708725,0.0389649
1148,2610,0.03750225,0.0393778
1149,2617.5,0.0379212,0.03979305
1150,2625,0.03834265,0.04021
1151,2632.5,0.03876525,0.04062885
1152,2640,0.0391922,0.04105
1153,2647.5,0.0396235,0.0414729
1154,2655,0.04005775,0.0418972
1155,2662.5,0.04049395,0.0423248
1156,2670,0.0409317,0.04275365
1157,2677.5,0.04137225,0.0431855
1158,2685,0.041815,0.0436186
1159,2692.5,0.0422602,0.04405305
1160,2700,0.0427082,0.0444892
1161,2707.5,0.04315805,0.0449281
1162,2715,0.0436099,0.04536995
1163,2722.5,0.0440641,0.0458133
1164,2730,0.04452005,0.04625855
1165,2737.5,0.04497825,0.04670525
1166,2745,0.04543915,0.0471544
1167,2752.5,0.0459016,0.04760605
1168,2760,0.04636555,0.0480597
1169,2767.5,0.04683335,0.0485153
1170,2775,0.0473026,0.04897245
1171,2782.5,0.04777305,0.0494307
1172,2790,0.048245,0.0498904
1173,2797.5,0.04871925,0.05035525
1174,2805,0.0491976,0.05082935
1175,2812.5,0.04967925,0.05130865
1176,2820,0.05016455,0.05179145
1177,2827.5,0.0506525,0.0522774
1178,2835,0.05114355,0.0527658
1179,2842.5,0.05163765,0.05325755
1180,2850,0.0521342,0.0537525
1181,2857.5,0.0526336,0.0542513
1182,2865,0.05313715,0.05475465
1183,2872.5,0.0536486,0.05526005
1184,2880,0.05416515,0.0557676
1185,2887.5,0.05468435,0.05627815
1186,2895,0.0552067,0.0567918
1187,2902.5,0.0557315,0.05730785
1188,2910,0.05625885,0.057826
1189,2917.5,0.0567898,0.05834645
1190,2925,0.05732465,0.0588696
1191,2932.5,0.05786275,0.05939605
1192,2940,0.0584049,0.0599245
1193,2947.5,0.0589497,0.06045485
1194,2955,0.05949965,0.0609873
1195,2962.5,0.0600516,0.0615225
1196,2970,0.0606067,0.0620592
1197,2977.5,0.06116435,0.06259755
1198,2985,0.061727,0.0631377
1199,2992.5,0.06229205,0.06368
1200,3000,0.0628587,0.0642247
1201,3007.5,0.063427,0.064772
1202,3015,0.06399865,0.06532105
1203,3022.5,0.0645742,0.06587325
1204,3030,0.06515185,0.0664279
1205,3037.5,0.06573125,0.06698515
1206,3045,0.0663127,0.0675452
1207,3052.5,0.066897,0.0681071
1208,3060,0.0674839,0.06867045
1209,3067.5,0.0680734,0.0692356
1210,3075,0.06866585,0.0698038
1211,3082.5,0.06926015,0.07037475
1212,3090,0.06985735,0.07094735
1213,3097.5,0.07045775,0.07152195
1214,3105,0.0710619,0.07209795
1215,3112.5,0.07166785,0.0726763
1216,3120,0.0722758,0.07325865
1217,3127.5,0.07288735,0.0738436
1218,3135,0.0735016,0.07443255
1219,3142.5,0.07411835,0.07502435
1220,3150,0.07473985,0.07561825
1221,3157.5,0.07536545,0.0762149
1222,3165,0.07599275,0.076814
1223,3172.5,0.07662235,0.07741565
1224,3180,0.0772551,0.0780207
1225,3187.5,0.0778898,0.0786283
1226,3195,0.0785275,0.0792391
1227,3202.5,0.0791689,0.07985965
1228,3210,0.07981285,0.0804891
1229,3217.5,0.08045915,0.0811257
1230,3225,0.08110725,0.0817681
1231,3232.5,0.08175835,0.0824152
1232,3240,0.0824116,0.08306795
1233,3247.5,0.0830674,0.08372415
1234,3255,0.08372545,0.08438405
1235,3262.5,0.08438595,0.0850492
1236,3270,0.08504905,0.08571695
1237,3277.5,0.0857148,0.086389
1238,3285,0.0863841,0.0870657
1239,3292.5,0.0870582,0.0877465
1240,3300,0.0877371,0.08843205
1241,3307.5,0.0884195,0.08912105
1242,3315,0.08910435,0.08981315
1243,3322.5,0.08979225,0.09050975
1244,3330,0.09048255,0.091209
1245,3337.5,0.09117525,0.09191155
1246,3345,0.09187005,0.09261785
1247,3352.5,0.0925676,0.09332705
1248,3360,0.0932679,0.09403845
1249,3367.5,0.0939715,0.09475275
1250,3375,0.09467785,0.0954705
1251,3382.5,0.09538705,0.09619145
1252,3390,0.09609865,0.0969158
1253,3397.5,0.09681365,0.09764375
1254,3405,0.09753345,0.0983748
1255,3412.5,0.0982566,0.0991087
1256,3420,0.0989834,0.0998453
1257,3427.5,0.099714,0.1005845
1258,3435,0.100447,0.101327
1259,3442.5,0.101183,0.102072
1260,3450,0.101921,0.1028195
1261,3457.5,0.102662,0.103571
1262,3465,0.103406,0.1043245
1263,3472.5,0.1041525,0.1050805
1264,3480,0.1049015,0.1058405
1265,3487.5,0.1056515,0.106604
1266,3495,0.1064055,0.107371
1267,3502.5,0.1071625,0.10814
1268,3510,0.1079225,0.108912
1269,3517.5,0.108686,0.109687
1270,3525,0.109452,0.110465
1271,3532.5,0.110221,0.1112455
1272,3540,0.110993,0.1120285
1273,3547.5,0.111768,0.1128145
1274,3555,0.112546,0.1136055
1275,3562.5,0.113327,0.1143995
1276,3570,0.1141115,0.1151965
1277,3577.5,0.1148975,0.1159955
1278,3585,0.1156865,0.1167975
1279,3592.5,0.1164795,0.1176025
1280,3600,0.117275,0.11841
1281,3607.5,0.118073,0.11922
1282,3615,0.118876,0.120035
1283,3622.5,0.1196825,0.120859
1284,3630,0.120492,0.1216885
1285,3637.5,0.1213055,0.122524
1286,3645,0.122122,0.123365
1287,3652.5,0.12294,0.124212
1288,3660,0.123762,0.125064
1289,3667.5,0.1245885,0.12592
1290,3675,0.125419,0.126781
1291,3682.5,0.1262535,0.127648
1292,3690,0.127093,0.128518
1293,3697.5,0.127937,0.129392
1294,3705,0.1287845,0.130269
1295,3712.5,0.1296365,0.1311495
1296,3720,0.1304925,0.1320345
1297,3727.5,0.1313515,0.1329225
1298,3735,0.132214,0.1338155
1299,3742.5,0.1330795,0.1347125
1300,3750,0.133949,0.1356125
1301,3757.5,0.134821,0.1365155
1302,3765,0.135697,0.1374235
1303,3772.5,0.136577,0.1383365
1304,3780,0.13746,0.1392535
1305,3787.5,0.138347,0.1401755
1306,3795,0.13924,0.1411
1307,3802.5,0.140137,0.1420275
1308,3810,0.141037,0.142959
1309,3817.5,0.141942,0.143894
1310,3825,0.142851,0.1448325
1311,3832.5,0.1437635,0.145774
1312,3840,0.1446805,0.14672
1313,3847.5,0.1456015,0.147668
1314,3855,0.1465265,0.14862
1315,3862.5,0.1474535,0.1495755
1316,3870,0.1483845,0.1505345
1317,3877.5,0.1493195,0.151497
1318,3885,0.1502585,0.152462
1319,3892.5,0.1512,0.1534305
1320,3900,0.152145,0.1544025
1321,3907.5,0.153094,0.1553795
1322,3915,0.154048,0.156362
1323,3922.5,0.155005,0.1573485
1324,3930,0.155965,0.1583395
1325,3937.5,0.15693,0.1593345
1326,3945,0.1579,0.1603325
1327,3952.5,0.1588765,0.1613355
1328,3960,0.1598585,0.1623425
1329,3967.5,0.1608435,0.1633535
1330,3975,0.1618325,0.1643685
1331,3982.5,0.1628245,0.165387
1332,3990,0.1638205,0.1664095
1333,3997.5,0.1648215,0.167435
1334,4005,0.1658285,0.168465
1335,4012.5,0.166842,0.1695
1336,4020,0.1678605,0.170538
1337,4027.5,0.1688835,0.1715805
1338,4035,0.16991,0.172627
1339,4042.5,0.170941,0.173678
1340,4050,0.171977,0.174733
1341,4057.5,0.173017,0.175792
1342,4065,0.174062,0.176856
1343,4072.5,0.175111,0.177923
1344,4080,0.176166,0.178994
1345,4087.5,0.177225,0.1800695
1346,4095,0.17829,0.1811485
1347,4102.5,0.1793585,0.1822325
1348,4110,0.1804305,0.18332
1349,4117.5,0.1815085,0.184412
1350,4125,0.1825915,0.185508
1351,4132.5,0.1836785,0.1866085
1352,4140,0.1847695,0.1877125
1353,4147.5,0.1858655,0.1888205
1354,4155,0.186966,0.1899335
1355,4162.5,0.1880725,0.1910505
1356,4170,0.1891835,0.1921745
1357,4177.5,0.190301,0.193304
1358,4185,0.191424,0.194439
1359,4192.5,0.192551,0.19558
1360,4200,0.193682,0.1967265
1361,4207.5,0.194819,0.1978785
1362,4215,0.19596,0.1990365
1363,4222.5,0.1971065,0.2002
1364,4230,0.1982575,0.201369
1365,4237.5,0.1994135,0.202544
1366,4245,0.2005755,0.203723
1367,4252.5,0.2017415,0.20491
1368,4260,0.2029115,0.206101
1369,4267.5,0.204087,0.207297
1370,4275,0.2052675,0.208498
1371,4282.5,0.2064545,0.209705
1372,4290,0.207647,0.2109165
1373,4297.5,0.208845,0.2121335
1374,4305,0.210048,0.213355
1375,4312.5,0.211256,0.2145815
1376,4320,0.2124715,0.2158135
1377,4327.5,0.213691,0.2170505
1378,4335,0.214916,0.2182935
1379,4342.5,0.216146,0.2195425
1380,4350,0.2173815,0.2207965
1381,4357.5,0.2186225,0.2220555
1382,4365,0.2198685,0.2233205
1383,4372.5,0.2211195,0.224592
1384,4380,0.222377,0.2258685
1385,4387.5,0.22364,0.2271495
1386,4395,0.2249085,0.2284375
1387,4402.5,0.226182,0.229732
1388,4410,0.227462,0.231032
1389,4417.5,0.228747,0.2323385
1390,4425,0.230038,0.233651
1391,4432.5,0.2313355,0.2349685
1392,4440,0.232638,0.236292
1393,4447.5,0.233946,0.237622
1394,4455,0.235259,0.238958
1395,4462.5,0.236578,0.2403005
1396,4470,0.2379025,0.24165
1397,4477.5,0.2392335,0.2430055
1398,4485,0.240571,0.2443675
1399,4492.5,0.2419135,0.2457355
1400,4500,0.2432625,0.2471095
1401,4492.5,0.242986,0.246828
1402,4485,0.2427095,0.246552
1403,4477.5,0.2424335,0.2462725
1404,4470,0.2421575,0.245994
1405,4462.5,0.2418815,0.245715
1406,4455,0.2416055,0.2454365
1407,4447.5,0.2413305,0.245158
1408,4440,0.2410545,0.24488
1409,4432.5,0.2407795,0.244602
1410,4425,0.2405045,0.244324
1411,4417.5,0.24023,0.244047
1412,4410,0.2399555,0.2437695
1413,4402.5,0.239681,0.243492
1414,4395,0.239407,0.243215
1415,4387.5,0.239133,0.242939
1416,4380,0.238859,0.242662
1417,4372.5,0.2385855,0.242386
1418,4365,0.238312,0.242109
1419,4357.5,0.238039,0.241833
1420,4350,0.237766,0.241558
1421,4342.5,0.237493,0.241282
1422,4335,0.23722,0.2410065
1423,4327.5,0.236948,0.240731
1424,4320,0.2366755,0.240456
1425,4312.5,0.236403,0.2401815
1426,4305,0.236131,0.239907
1427,4297.5,0.23586,0.239632
1428,4290,0.235588,0.239358
1429,4282.5,0.235317,0.239084
1430,4275,0.2350455,0.23881
1431,4267.5,0.2347745,0.238536
1432,4260,0.234504,0.2382625
1433,4252.5,0.234233,0.2379895
1434,4245,0.2339625,0.237716
1435,4237.5,0.2336925,0.2374435
1436,4230,0.233422,0.2371705
1437,4222.5,0.2331525,0.2368975
1438,4215,0.2328825,0.2366255
1439,4207.5,0.232613,0.2363535
1440,4200,0.2323435,0.2360815
1441,4192.5,0.2320745,0.2358095
1442,4185,0.2318055,0.2355375
1443,4177.5,0.2315365,0.2352665
1444,4170,0.2312685,0.2349945
1445,4162.5,0.2309995,0.2347235
1446,4155,0.2307315,0.2344525
1447,4147.5,0.2304635,0.2341825
1448,4140,0.2301955,0.2339115
1449,4132.5,0.2299275,0.2336415
1450,4125,0.2296605,0.2333705
1451,4117.5,0.2293925,0.2331005
1452,4110,0.2291255,0.2328315
1453,4102.5,0.2288585,0.2325615
1454,4095,0.228592,0.232292
1455,4087.5,0.228325,0.2320225
1456,4080,0.2280585,0.2317535
1457,4072.5,0.2277925,0.2314845
1458,4065,0.227526,0.231216
1459,4057.5,0.2272605,0.2309475
1460,4050,0.2269945,0.230679
1461,4042.5,0.226729,0.230411
1462,4035,0.226464,0.230143
1463,4027.5,0.226198,0.229875
1464,4020,0.225933,0.2296075
1465,4012.5,0.2256685,0.22934
1466,4005,0.225404,0.229073
1467,3997.5,0.225139,0.2288055
1468,3990,0.224875,0.228539
1469,3982.5,0.224611,0.228272
1470,3975,0.224347,0.2280055
1471,3967.5,0.224083,0.227739
1472,3960,0.2238195,0.227473
1473,3952.5,0.223556,0.227207
1474,3945,0.2232925,0.226941
1475,3937.5,0.2230295,0.226675
1476,3930,0.2227665,0.22641
1477,3922.5,0.2225035,0.226145
1478,3915,0.2222415,0.225879
1479,3907.5,0.2219785,0.2256145
1480,3900,0.2217165,0.22535
1481,3892.5,0.2214545,0.225085
1482,3885,0.2211925,0.224821
1483,3877.5,0.2209305,0.2245565
1484,3870,0.2206695,0.224292
1485,3862.5,0.2204075,0.2240285
1486,3855,0.2201465,0.223765
1487,3847.5,0.2198855,0.223501
1488,3840,0.2196245,0.223238
1489,3832.5,0.2193645,0.222975
1490,3825,0.2191035,0.222712
1491,3817.5,0.2188435,0.222449
1492,3810,0.218583,0.222186
1493,3802.5,0.218323,0.2219235
1494,3795,0.2180635,0.2216615
1495,3787.5,0.2178035,0.2213995
1496,3780,0.217544,0.2211375
1497,3772.5,0.217285,0.2208755
1498,3765,0.217026,0.220614
1499,3757.5,0.216767,0.2203525
1500,3750,0.216508,0.220091
1501,3742.5,0.216249,0.21983
1502,3735,0.215991,0.219569
1503,3727.5,0.215732,0.2193085
1504,3720,0.215474,0.2190475
1505,3712.5,0.215216,0.2187875
1506,3705,0.2149585,0.2185275
1507,3697.5,0.214701,0.2182675
1508,3690,0.2144435,0.2180075
1509,3682.5,0.214186,0.2177475
1510,3675,0.213929,0.2174875
1511,3667.5,0.213672,0.2172285
1512,3660,0.213415,0.2169695
1513,3652.5,0.2131585,0.2167105
1514,3645,0.212902,0.2164515
1515,3637.5,0.212646,0.2161925
1516,3630,0.2123895,0.2159345
1517,3622.5,0.2121335,0.2156755
1518,3615,0.211878,0.2154175
1519,3607.5,0.2116225,0.2151595
1520,3600,0.2113665,0.2149015
1521,3592.5,0.2111115,0.214644
1522,3585,0.2108565,0.2143865
1523,3577.5,0.2106015,0.214129
1524,3570,0.2103465,0.213872
1525,3562.5,0.210092,0.213615
1526,3555,0.2098375,0.213358
1527,3547.5,0.2095835,0.2131015
1528,3540,0.209329,0.212845
1529,3532.5,0.209075,0.2125885
1530,3525,0.2088215,0.2123325
1531,3517.5,0.2085675,0.2120765
1532,3510,0.208314,0.2118205
1533,3502.5,0.2080605,0.211565
1534,3495,0.2078075,0.211309
1535,3487.5,0.2075545,0.211054
1536,3480,0.207302,0.210799
1537,3472.5,0.207049,0.210544
1538,3465,0.2067965,0.210289
1539,3457.5,0.206544,0.210034
1540,3450,0.206292,0.20978
1541,3442.5,0.20604,0.209525
1542,3435,0.205788,0.209271
1543,3427.5,0.205536,0.209017
1544,3420,0.205285,0.208763
1545,3412.5,0.205033,0.2085095
1546,3405,0.204782,0.208256
1547,3397.5,0.204531,0.208003
1548,3390,0.20428,0.207749
1549,3382.5,0.204029,0.207496
1550,3375,0.2037785,0.2072435
1551,3367.5,0.203528,0.206991
1552,3360,0.203278,0.206738
1553,3352.5,0.203028,0.206486
1554,3345,0.202778,0.2062335
1555,3337.5,0.202528,0.2059815
1556,3330,0.2022785,0.2057295
1557,3322.5,0.202029,0.205478
1558,3315,0.2017795,0.205226
1559,3307.5,0.2015305,0.2049745
1560,3300,0.2012815,0.2047235
1561,3292.5,0.2010325,0.2044725
1562,3285,0.2007835,0.2042215
1563,3277.5,0.2005355,0.2039705
1564,3270,0.200287,0.20372
1565,3262.5,0.2000385,0.2034695
1566,3255,0.1997905,0.2032195
1567,3247.5,0.1995425,0.202969
1568,3240,0.199295,0.202719
1569,3232.5,0.1990475,0.2024695
1570,3225,0.1988,0.2022195
1571,3217.5,0.1985525,0.2019705
1572,3210,0.1983055,0.2017205
1573,3202.5,0.1980585,0.2014715
1574,3195,0.197812,0.2012225
1575,3187.5,0.197565,0.2009735
1576,3180,0.1973185,0.2007245
1577,3172.5,0.197072,0.2004765
1578,3165,0.196826,0.2002275
1579,3157.5,0.19658,0.1999795
1580,3150,0.196334,0.1997315
1581,3142.5,0.196088,0.1994835
1582,3135,0.195843,0.1992355
1583,3127.5,0.195597,0.1989885
1584,3120,0.195352,0.1987405
1585,3112.5,0.195107,0.1984935
1586,3105,0.194862,0.1982465
1587,3097.5,0.194617,0.1979995
1588,3090,0.1943725,0.1977525
1589,3082.5,0.194128,0.197506
1590,3075,0.1938835,0.1972595
1591,3067.5,0.1936395,0.197013
1592,3060,0.1933955,0.1967665
1593,3052.5,0.1931515,0.1965205
1594,3045,0.1929075,0.196275
1595,3037.5,0.192664,0.196029
1596,3030,0.1924205,0.1957835
1597,3022.5,0.1921775,0.195538
1598,3015,0.1919345,0.1952925
1599,3007.5,0.1916915,0.1950475
1600,3000,0.1914485,0.1948025
1601,2992.5,0.1912055,0.194558
1602,2985,0.190963,0.194313
1603,2977.5,0.1907205,0.1940685
1604,2970,0.1904785,0.193824
1605,2962.5,0.1902365,0.19358
1606,2955,0.1899945,0.193336
1607,2947.5,0.1897525,0.193092
1608,2940,0.189511,0.192848
1609,2932.5,0.1892695,0.1926045
1610,2925,0.189028,0.192361
1611,2917.5,0.188787,0.192118
1612,2910,0.1885455,0.191875
1613,2902.5,0.188305,0.191632
1614,2895,0.188064,0.191389
1615,2887.5,0.1878235,0.191146
1616,2880,0.187583,0.1909035
1617,2872.5,0.187343,0.190661
1618,2865,0.187102,0.190419
1619,2857.5,0.186862,0.190177
1620,2850,0.186623,0.189935
1621,2842.5,0.186383,0.189693
1622,2835,0.186143,0.1894515
1623,2827.5,0.185904,0.18921
1624,2820,0.1856645,0.1889685
1625,2812.5,0.1854255,0.1887275
1626,2805,0.1851865,0.1884865
1627,2797.5,0.1849475,0.1882455
1628,2790,0.184709,0.1880045
1629,2782.5,0.1844705,0.187764
1630,2775,0.184232,0.1875235
1631,2767.5,0.1839935,0.1872835
1632,2760,0.1837555,0.187043
1633,2752.5,0.1835175,0.186803
1634,2745,0.1832795,0.1865635
1635,2737.5,0.183042,0.1863235
1636,2730,0.1828045,0.1860835
1637,2722.5,0.1825675,0.1858445
1638,2715,0.1823295,0.1856055
1639,2707.5,0.1820925,0.1853665
1640,2700,0.1818555,0.1851275
1641,2692.5,0.1816185,0.1848885
1642,2685,0.1813825,0.1846495
1643,2677.5,0.1811455,0.184411
1644,2670,0.1809095,0.1841725
1645,2662.5,0.180673,0.1839345
1646,2655,0.180437,0.1836965
1647,2647.5,0.180201,0.1834585
1648,2640,0.1799655,0.1832205
1649,2632.5,0.1797295,0.1829825
1650,2625,0.179494,0.1827455
1651,2617.5,0.1792585,0.182508
1652,2610,0.1790235,0.1822705
1653,2602.5,0.178788,0.1820335
1654,2595,0.178553,0.1817965
1655,2587.5,0.1783185,0.18156
1656,2580,0.178084,0.181323
1657,2572.5,0.177849,0.1810865
1658,2565,0.177615,0.1808505
1659,2557.5,0.177381,0.180614
1660,2550,0.1771465,0.180378
1661,2542.5,0.1769125,0.180142
1662,2535,0.176679,0.179906
1663,2527.5,0.176445,0.179671
1664,2520,0.1762115,0.179435
1665,2512.5,0.175978,0.1792
1666,2505,0.175745,0.1789645
1667,2497.5,0.1755115,0.1787295
1668,2490,0.1752785,0.1784945
1669,2482.5,0.175046,0.17826
1670,2475,0.174813,0.178025
1671,2467.5,0.1745805,0.177791
1672,2460,0.174348,0.177556
1673,2452.5,0.1741155,0.177322
1674,2445,0.1738835,0.177088
1675,2437.5,0.1736515,0.176854
1676,2430,0.1734195,0.17662
1677,2422.5,0.173188,0.1763865
1678,2415,0.1729565,0.176153
1679,2407.5,0.1727245,0.1759195
1680,2400,0.1724935,0.175686
1681,2392.5,0.1722625,0.175453
1682,2385,0.1720315,0.17522
1683,2377.5,0.1718005,0.1749875
1684,2370,0.1715695,0.174755
1685,2362.5,0.171339,0.174522
1686,2355,0.1711085,0.17429
1687,2347.5,0.170878,0.1740575
1688,2340,0.170648,0.1738255
1689,2332.5,0.170418,0.1735935
1690,2325,0.170188,0.1733615
1691,2317.5,0.169958,0.17313
1692,2310,0.169728,0.1728985
1693,2302.5,0.169499,0.172667
1694,2295,0.169269,0.1724355
1695,2287.5,0.16904,0.1722045
1696,2280,0.168811,0.1719735
1697,2272.5,0.168582,0.1717425
1698,2265,0.168353,0.1715115
1699,2257.5,0.168124,0.1712815
1700,2250,0.167896,0.1710505
1701,2242.5,0.167667,0.1708205
1702,2235,0.167439,0.1705905
1703,2227.5,0.167211,0.1703605
1704,2220,0.1669825,0.1701305
1705,2212.5,0.166755,0.1699005
1706,2205,0.166527,0.1696705
1707,2197.5,0.166299,0.1694415
1708,2190,0.1660715,0.169212
1709,2182.5,0.1658445,0.1689825
1710,2175,0.165617,0.1687535
1711,2167.5,0.16539,0.1685245
1712,2160,0.165163,0.1682955
1713,2152.5,0.164936,0.1680675
1714,2145,0.1647095,0.1678385
1715,2137.5,0.1644825,0.1676105
1716,2130,0.1642565,0.167382
1717,2122.5,0.1640295,0.1671535
1718,2115,0.1638035,0.1669255
1719,2107.5,0.1635775,0.166698
1720,2100,0.1633515,0.16647
1721,2092.5,0.163126,0.1662425
1722,2085,0.1629005,0.166015
1723,2077.5,0.1626745,0.1657875
1724,2070,0.1624495,0.1655605
1725,2062.5,0.162224,0.1653335
1726,2055,0.161999,0.1651065
1727,2047.5,0.161774,0.1648795
1728,2040,0.161549,0.164653
1729,2032.5,0.161324,0.1644265
1730,2025,0.1610995,0.1642
1731,2017.5,0.160875,0.163974
1732,2010,0.160651,0.1637475
1733,2002.5,0.1604265,0.1635215
1734,1995,0.1602025,0.163296
1735,1987.5,0.1599785,0.16307
1736,1980,0.159755,0.162844
1737,1972.5,0.159531,0.162619
1738,1965,0.159307,0.162393
1739,1957.5,0.159084,0.162168
1740,1950,0.1588605,0.161943
1741,1942.5,0.158637,0.161718
1742,1935,0.158414,0.161493
1743,1927.5,0.158191,0.161269
1744,1920,0.1579685,0.161044
1745,1912.5,0.157746,0.16082
1746,1905,0.1575235,0.1605955
1747,1897.5,0.157301,0.160371
1748,1890,0.1570785,0.160147
1749,1882.5,0.1568565,0.159923
1750,1875,0.1566345,0.1596995
1751,1867.5,0.1564125,0.159476
1752,1860,0.1561905,0.1592525
1753,1852.5,0.155969,0.159029
1754,1845,0.1557475,0.1588055
1755,1837.5,0.1555265,0.1585825
1756,1830,0.1553045,0.1583595
1757,1822.5,0.1550835,0.1581365
1758,1815,0.1548625,0.157914
1759,1807.5,0.1546415,0.1576915
1760,1800,0.154421,0.1574685
1761,1792.5,0.1542005,0.1572465
1762,1785,0.1539795,0.1570245
1763,1777.5,0.1537595,0.1568025
1764,1770,0.1535395,0.1565805
1765,1762.5,0.153319,0.1563585
1766,1755,0.153099,0.1561365
1767,1747.5,0.152879,0.1559155
1768,1740,0.1526595,0.1556935
1769,1732.5,0.15244,0.1554725
1770,1725,0.15222,0.1552515
1771,1717.5,0.152001,0.15503
1772,1710,0.151782,0.1548095
1773,1702.5,0.1515625,0.1545885
1774,1695,0.1513435,0.1543675
1775,1687.5,0.151125,0.154147
1776,1680,0.150906,0.1539265
1777,1672.5,0.150687,0.1537065
1778,1665,0.150469,0.153486
1779,1657.5,0.15025,0.153266
1780,1650,0.150032,0.153046
1781,1642.5,0.149814,0.1528265
1782,1635,0.149596,0.1526065
1783,1627.5,0.149378,0.152387
1784,1620,0.14916,0.1521675
1785,1612.5,0.1489425,0.1519485
1786,1605,0.148725,0.151729
1787,1597.5,0.1485075,0.15151
1788,1590,0.1482905,0.151291
1789,1582.5,0.1480735,0.1510725
1790,1575,0.1478565,0.1508535
1791,1567.5,0.1476395,0.150635
1792,1560,0.1474225,0.150417
1793,1552.5,0.147206,0.1501985
1794,1545,0.1469895,0.14998
1795,1537.5,0.146773,0.149762
1796,1530,0.1465565,0.149544
1797,1522.5,0.1463405,0.149326
1798,1515,0.1461245,0.149109
1799,1507.5,0.1459085,0.148891
1800,1500,0.1456925,0.148674
1801,1492.5,0.145477,0.148456
1802,1485,0.1452615,0.148239
1803,1477.5,0.145046,0.148022
1804,1470,0.1448305,0.147805
1805,1462.5,0.1446155,0.147588
1806,1455,0.1444005,0.147372
1807,1447.5,0.1441855,0.147155
1808,1440,0.1439705,0.146939
1809,1432.5,0.143756,0.146722
1810,1425,0.1435415,0.146506
1811,1417.5,0.143327,0.14629
1812,1410,0.1431125,0.146074
1813,1402.5,0.142898,0.145858
1814,1395,0.142684,0.1456425
1815,1387.5,0.14247,0.145427
1816,1380,0.142256,0.1452115
1817,1372.5,0.142043,0.144996
1818,1365,0.141829,0.144781
1819,1357.5,0.141615,0.144566
1820,1350,0.141402,0.144351
1821,1342.5,0.141189,0.144136
1822,1335,0.1409755,0.1439215
1823,1327.5,0.1407625,0.1437065
1824,1320,0.1405495,0.143492
1825,1312.5,0.140337,0.1432775
1826,1305,0.140124,0.1430635
1827,1297.5,0.1399115,0.1428495
1828,1290,0.139699,0.1426355
1829,1282.5,0.1394865,0.1424215
1830,1275,0.1392745,0.1422075
1831,1267.5,0.1390625,0.1419935
1832,1260,0.1388505,0.1417805
1833,1252.5,0.1386385,0.1415665
1834,1245,0.1384265,0.1413535
1835,1237.5,0.1382155,0.1411405
1836,1230,0.1380035,0.1409275
1837,1222.5,0.1377925,0.1407145
1838,1215,0.1375815,0.1405015
1839,1207.5,0.1373695,0.1402885
1840,1200,0.1371585,0.1400765
1841,1192.5,0.136948,0.1398635
1842,1185,0.1367375,0.1396515
1843,1177.5,0.1365265,0.1394395
1844,1170,0.136316,0.1392275
1845,1162.5,0.1361055,0.1390155
1846,1155,0.135895,0.1388035
1847,1147.5,0.135685,0.1385915
1848,1140,0.135475,0.13838
1849,1132.5,0.135265,0.1381685
1850,1125,0.135055,0.137957
1851,1117.5,0.134845,0.1377455
1852,1110,0.1346355,0.1375345
1853,1102.5,0.134426,0.1373235
1854,1095,0.1342165,0.1371125
1855,1087.5,0.134007,0.136902
1856,1080,0.133798,0.136691
1857,1072.5,0.133589,0.1364805
1858,1065,0.13338,0.13627
1859,1057.5,0.133171,0.1360595
1860,1050,0.132962,0.135849
1861,1042.5,0.132754,0.135639
1862,1035,0.132545,0.135429
1863,1027.5,0.132337,0.135219
1864,1020,0.1321285,0.13501
1865,1012.5,0.1319205,0.1348
1866,1005,0.1317125,0.13459
1867,997.5,0.1315045,0.134381
1868,990,0.1312965,0.134172
1869,982.5,0.131089,0.133962
1870,975,0.1308815,0.133753
1871,967.5,0.130674,0.133544
1872,960,0.1304665,0.133336
1873,952.5,0.1302595,0.133127
1874,945,0.1300525,0.132918
1875,937.5,0.1298455,0.13271
1876,930,0.1296385,0.132501
1877,922.5,0.1294315,0.132293
1878,915,0.1292245,0.132085
1879,907.5,0.1290185,0.131877
1880,900,0.1288115,0.131669
1881,892.5,0.1286055,0.131461
1882,885,0.128399,0.1312535
1883,877.5,0.128193,0.131046
1884,870,0.127987,0.1308385
1885,862.5,0.127781,0.130631
1886,855,0.1275755,0.1304235
1887,847.5,0.1273695,0.1302165
1888,840,0.127164,0.1300095
1889,832.5,0.1269585,0.1298025
1890,825,0.126753,0.129596
1891,817.5,0.126548,0.129389
1892,810,0.126343,0.1291825
1893,802.5,0.126138,0.128976
1894,795,0.125933,0.1287695
1895,787.5,0.125728,0.1285635
1896,780,0.125523,0.1283575
1897,772.5,0.125319,0.1281515
1898,765,0.125114,0.1279455
1899,757.5,0.12491,0.1277395
1900,750,0.124706,0.1275345
1901,742.5,0.124502,0.1273285
1902,735,0.124298,0.1271235
1903,727.5,0.124094,0.1269175
1904,720,0.12389,0.1267125
1905,712.5,0.1236865,0.1265075
1906,705,0.1234825,0.1263025
1907,697.5,0.1232795,0.1260975
1908,690,0.123076,0.1258925
1909,682.5,0.1228725,0.125688
1910,675,0.1226695,0.1254835
1911,667.5,0.1224665,0.125279
1912,660,0.1222635,0.1250745
1913,652.5,0.1220605,0.1248705
1914,645,0.121858,0.1246665
1915,637.5,0.1216555,0.1244625
1916,630,0.1214525,0.1242585
1917,622.5,0.1212505,0.1240545
1918,615,0.1210485,0.123851
1919,607.5,0.1208465,0.1236475
1920,600,0.120644,0.123444
1921,592.5,0.120442,0.1232405
1922,585,0.1202405,0.1230375
1923,577.5,0.1200385,0.122834
1924,570,0.119837,0.122631
1925,562.5,0.1196355,0.1224285
1926,555,0.119434,0.1222255
1927,547.5,0.1192325,0.122023
1928,540,0.1190315,0.12182
1929,532.5,0.1188305,0.121618
1930,525,0.1186295,0.1214155
1931,517.5,0.1184285,0.121213
1932,510,0.118228,0.121011
1933,502.5,0.118027,0.120809
1934,495,0.1178265,0.120607
1935,487.5,0.117626,0.120405
1936,480,0.117426,0.120204
1937,472.5,0.117225,0.120002
1938,465,0.117025,0.1198005
1939,457.5,0.116825,0.119599
1940,450,0.116625,0.119398
1941,442.5,0.1164255,0.119197
1942,435,0.116226,0.1189955
1943,427.5,0.116026,0.1187945
1944,420,0.115827,0.118594
1945,412.5,0.1156275,0.118393
1946,405,0.115428,0.1181925
1947,397.5,0.115229,0.117992
1948,390,0.11503,0.1177915
1949,382.5,0.114831,0.117591
1950,375,0.114632,0.117391
1951,367.5,0.1144335,0.117191
1952,360,0.1142345,0.116991
1953,352.5,0.114036,0.116791
1954,345,0.1138375,0.116591
1955,337.5,0.1136395,0.1163915
1956,330,0.1134415,0.116192
1957,322.5,0.1132425,0.1159925
1958,315,0.1130445,0.115793
1959,307.5,0.1128465,0.1155935
1960,300,0.1126495,0.1153945
1961,292.5,0.1124515,0.1151955
1962,285,0.1122535,0.1149965
1963,277.5,0.1120565,0.1147975
1964,270,0.111859,0.1145995
1965,262.5,0.1116615,0.1144005
1966,255,0.1114645,0.114202
1967,247.5,0.1112675,0.1140035
1968,240,0.1110705,0.1138055
1969,232.5,0.1108735,0.1136075
1970,225,0.1106765,0.1134095
1971,217.5,0.11048,0.113211
1972,210,0.110283,0.1130135
1973,202.5,0.110087,0.1128155
1974,195,0.1098905,0.1126175
1975,187.5,0.109694,0.1124205
1976,180,0.109498,0.1122225
1977,172.5,0.109302,0.1120255
1978,165,0.109106,0.111828
1979,157.5,0.10891,0.111631
1980,150,0.1087145,0.111434
1981,142.5,0.108519,0.111237
1982,135,0.108323,0.11104
1983,127.5,0.108128,0.1108435
1984,120,0.1079325,0.1106465
1985,112.5,0.107737,0.11045
1986,105,0.107542,0.1102535
1987,97.5,0.107347,0.1100575
1988,90,0.107152,0.109861
1989,82.5,0.106957,0.109665
1990,75,0.1067625,0.109469
1991,67.5,0.1065675,0.109273
1992,60,0.1063735,0.109077
1993,52.5,0.1061785,0.1088815
1994,45,0.1059845,0.108686
1995,37.5,0.1057905,0.1084905
1996,30,0.1055965,0.108295
1997,22.5,0.1054025,0.1081
1998,15,0.1052085,0.1079045
1999,7.5,0.1050145,0.107709
2000,0,0.1048205,0.107514
