TIME,ANSYS,WORK
0.25,2.51871E-08,-8.448215E-07
0.5,1.355755E-07,-3.729705E-06
0.75,4.10055E-07,-7.50582E-06
1,9.27173E-07,-1.1182E-05
1.25,1.76235E-06,-1.38758E-05
1.5,2.99691E-06,-1.65514E-05
1.75,4.70723E-06,-1.86479E-05
2,6.97168E-06,-2.027845E-05
2.25,9.86887E-06,-2.18147E-05
2.5,1.347665E-05,-2.277795E-05
2.75,1.78754E-05,-2.344205E-05
3,2.31435E-05,-2.301315E-05
3.25,2.936375E-05,-2.12606E-05
3.5,3.661525E-05,-1.81375E-05
3.75,4.4969E-05,-1.342515E-05
4,5.44771E-05,-6.959735E-06
4.25,6.5161E-05,2.36414E-06
4.5,7.70216E-05,1.433765E-05
4.75,9.00607E-05,2.77252E-05
5,0.000104323,4.024165E-05
5.25,0.0001199075,5.10183E-05
5.5,0.0001369505,6.112815E-05
5.75,0.0001555945,7.186065E-05
6,0.000175981,8.45243E-05
6.25,0.0001982695,9.77832E-05
6.5,0.0002226395,0.000111704
6.75,0.00024928,0.000127324
7,0.0002783685,0.0001461005
7.25,0.0003100895,0.0001679855
7.5,0.000344636,0.0001923435
7.75,0.000382197,0.000219809
8,0.0004229595,0.000250225
8.25,0.0004671075,0.000284265
8.5,0.000514834,0.000321539
8.75,0.000566324,0.0003625205
9,0.000621761,0.0004076105
9.25,0.0006813255,0.0004570195
9.5,0.0007451875,0.0005114675
9.75,0.000813517,0.0005706255
10,0.000886474,0.000634865
10.25,0.000964223,0.000703712
10.5,0.00104692,0.000777452
10.75,0.00113472,0.000856443
11,0.00122777,0.000940353
11.25,0.001326225,0.00102974
11.5,0.001430235,0.00112452
11.75,0.001539965,0.00122548
12,0.00165555,0.00133287
12.25,0.00177713,0.00144709
12.5,0.0019048,0.00156889
12.75,0.00203864,0.00169821
13,0.002178695,0.00183531
13.25,0.00232504,0.0019786
13.5,0.002477755,0.002126875
13.75,0.00263698,0.002279435
14,0.002802875,0.002436665
14.25,0.002975595,0.002600635
14.5,0.00315529,0.002771915
14.75,0.003342095,0.002950735
15,0.003536165,0.00313604
15.25,0.003737645,0.00332865
15.5,0.00394668,0.0035297
15.75,0.00416338,0.003740285
16,0.00438783,0.00396027
16.25,0.004620115,0.004188305
16.5,0.004860315,0.00442451
16.75,0.005108495,0.004669
17,0.00536469,0.004922965
17.25,0.005628925,0.005185735
17.5,0.005901235,0.005456755
17.75,0.006181625,0.005736255
18,0.0064701,0.006024995
18.25,0.006766635,0.00632274
18.5,0.00707122,0.00662881
18.75,0.00738383,0.00694293
19,0.00770446,0.00726452
19.25,0.008033055,0.00759444
19.5,0.00836961,0.00793221
19.75,0.008714105,0.00827696
20,0.00906654,0.008629605
20.25,0.00942691,0.00898991
20.5,0.009795225,0.00935865
20.75,0.01017145,0.00973604
21,0.0105556,0.0101223
21.25,0.01094755,0.01051775
21.5,0.0113472,0.0109214
21.75,0.01175465,0.01133195
22,0.0121698,0.01174845
22.25,0.01259265,0.01217065
22.5,0.01302335,0.0125985
22.75,0.0134619,0.01303375
23,0.0139084,0.01347695
23.25,0.01436285,0.0139282
23.5,0.01482535,0.01438715
23.75,0.01529595,0.0148533
24,0.0157748,0.0153285
24.25,0.0162618,0.01581325
24.5,0.01675705,0.0163079
24.75,0.0172606,0.01681105
25,0.0177724,0.01732195
25.25,0.01829255,0.017841
25.5,0.018821,0.01836865
25.75,0.01935775,0.01890535
26,0.0199028,0.0194507
26.25,0.0204562,0.02000375
26.5,0.02101795,0.0205648
26.75,0.021588,0.02113455
27,0.0221665,0.021713
27.25,0.0227533,0.02229905
27.5,0.0233485,0.02289255
27.75,0.02395215,0.0234932
28,0.02456435,0.02410215
28.25,0.0251851,0.02471885
28.5,0.02581455,0.02534335
28.75,0.0264527,0.02597595
29,0.02709975,0.02661725
29.25,0.0277558,0.02726915
29.5,0.02842075,0.0279313
29.75,0.0290948,0.02860335
30,0.02977795,0.0292846
30.25,0.0304702,0.02997445
30.5,0.03117165,0.0306724
30.75,0.03188245,0.0313777
31,0.0326027,0.03209155
31.25,0.0333325,0.03281475
31.5,0.03407195,0.03354855
31.75,0.03482115,0.0342926
32,0.0355802,0.0350465
32.25,0.03634915,0.03581065
32.5,0.03712805,0.0365862
32.75,0.037917,0.03737365
33,0.03871585,0.038173
33.25,0.03952475,0.03898355
33.5,0.04034355,0.03980405
33.75,0.04117225,0.04063445
34,0.04201085,0.04147525
34.25,0.04285925,0.0423268
34.5,0.04371735,0.0431895
34.75,0.0445852,0.0440613
35,0.0454626,0.04494255
35.25,0.0463496,0.04583345
35.5,0.04724605,0.0467346
35.75,0.04815185,0.0476453
36,0.049067,0.0485645
36.25,0.04999145,0.0494921
36.5,0.05092515,0.0504281
36.75,0.05186795,0.05137335
37,0.05282,0.05232765
37.25,0.05378115,0.05329085
37.5,0.0547514,0.0542637
37.75,0.0557307,0.05524705
38,0.0567189,0.0562416
38.25,0.0577159,0.0572465
38.5,0.05872155,0.05826055
38.75,0.0597358,0.05928195
39,0.0607585,0.060311
39.25,0.06178955,0.06134785
39.5,0.06282895,0.0623926
39.75,0.06387655,0.06344555
40,0.0649322,0.0645068
40.25,0.0659959,0.06557705
40.5,0.06706755,0.0666557
40.75,0.068147,0.0677423
41,0.06923415,0.06883735
41.25,0.07032895,0.06994145
41.5,0.07143115,0.0710541
41.75,0.0725405,0.072174
42,0.07365655,0.0733003
42.25,0.0747791,0.074432
42.5,0.07590785,0.07557025
42.75,0.07704285,0.07671515
43,0.07818395,0.077866
43.25,0.07933105,0.0790226
43.5,0.0804841,0.0801836
43.75,0.081643,0.0813501
44,0.08280785,0.082522
44.25,0.0839786,0.0836995
44.5,0.085155,0.0848819
44.75,0.08633675,0.08606845
45,0.0875237,0.08725905
45.25,0.08871565,0.08845385
45.5,0.08991255,0.08965375
45.75,0.09111425,0.0908582
46,0.0923206,0.09206755
46.25,0.0935315,0.09328175
46.5,0.0947465,0.09450215
46.75,0.09596545,0.09572865
47,0.0971881,0.0969592
47.25,0.0984143,0.0981925
47.5,0.09964415,0.09942795
47.75,0.1008775,0.100666
48,0.102115,0.101907
48.25,0.1033555,0.1031515
48.5,0.104599,0.104399
48.75,0.105846,0.1056485
49,0.107096,0.106902
49.25,0.108349,0.108158
49.5,0.109605,0.109418
49.75,0.1108645,0.1106825
50,0.1121275,0.1119505
50.25,0.113393,0.1132225
50.5,0.114662,0.114498
50.75,0.115933,0.1157745
51,0.117206,0.117054
51.25,0.1184815,0.118335
51.5,0.1197595,0.11962
51.75,0.121041,0.1209075
52,0.122325,0.122198
52.25,0.1236125,0.1234915
52.5,0.124903,0.1247875
52.75,0.126198,0.126088
53,0.1274965,0.127393
53.25,0.1287995,0.1287005
53.5,0.1301065,0.1300115
53.75,0.1314185,0.131325
54,0.1327355,0.1326425
54.25,0.1340575,0.1339655
54.5,0.135384,0.1352935
54.75,0.1367165,0.136628
55,0.1380545,0.137969
55.25,0.139398,0.139318
55.5,0.140746,0.140674
55.75,0.1421,0.1420375
56,0.143459,0.1434075
56.25,0.144824,0.144782
56.5,0.146195,0.146162
56.75,0.147572,0.147548
57,0.1489545,0.1489405
57.25,0.150344,0.1503395
57.5,0.1517395,0.1517435
57.75,0.153142,0.153153
58,0.1545515,0.15457
58.25,0.155968,0.1559945
58.5,0.1573925,0.157427
58.75,0.1588255,0.1588685
59,0.1602665,0.1603175
59.25,0.1617155,0.161776
59.5,0.163172,0.1632415
59.75,0.164636,0.1647145
60,0.166107,0.166195
60.25,0.1675855,0.167684
60.5,0.169072,0.1691815
60.75,0.170566,0.170687
61,0.172068,0.172201
61.25,0.1735775,0.173723
61.5,0.175096,0.1752535
61.75,0.176623,0.1767935
62,0.1781585,0.1783425
62.25,0.1797035,0.179901
62.5,0.1812565,0.181466
62.75,0.1828195,0.1830385
63,0.184391,0.184619
63.25,0.185972,0.1862085
63.5,0.187563,0.187806
63.75,0.1891625,0.1894125
64,0.190772,0.1910295
64.25,0.19239,0.1926565
64.5,0.1940175,0.1942945
64.75,0.1956525,0.1959425
65,0.197295,0.1976005
65.25,0.1989455,0.199266
65.5,0.200604,0.20094
65.75,0.2022705,0.202622
66,0.2039445,0.2043125
66.25,0.205625,0.206011
66.5,0.2073135,0.207715
66.75,0.209009,0.2094255
67,0.210711,0.2111415
67.25,0.2124205,0.2128645
67.5,0.2141375,0.2145955
67.75,0.2158625,0.216334
68,0.2175955,0.2180795
68.25,0.219336,0.2198325
68.5,0.2210845,0.2215915
68.75,0.2228395,0.223358
69,0.2246015,0.22513
69.25,0.22637,0.226909
69.5,0.228145,0.228694
69.75,0.229926,0.230486
70,0.2317135,0.232284
70.25,0.233506,0.2340885
70.5,0.2353055,0.235899
70.75,0.2371105,0.237716
71,0.2389215,0.239541
71.25,0.240739,0.2413725
71.5,0.242562,0.2432105
71.75,0.244392,0.245054
72,0.2462275,0.2469015
72.25,0.24807,0.248755
72.5,0.2499185,0.250613
72.75,0.2517735,0.2524765
73,0.253636,0.254345
73.25,0.255505,0.25622
73.5,0.257381,0.2581025
73.75,0.259263,0.2599925
74,0.2611515,0.26189
74.25,0.263046,0.263795
74.5,0.264946,0.265706
74.75,0.266853,0.267623
75,0.268766,0.269548
75.25,0.2706845,0.2714805
75.5,0.2726095,0.273419
75.75,0.27454,0.275363
76,0.276476,0.277312
76.25,0.278418,0.2792665
76.5,0.2803655,0.2812265
76.75,0.28232,0.2831935
77,0.284281,0.285167
77.25,0.286249,0.2871475
77.5,0.288226,0.2891345
77.75,0.290211,0.291129
78,0.292203,0.2931305
78.25,0.294203,0.29514
78.5,0.2962115,0.297156
78.75,0.2982275,0.2991805
79,0.300252,0.3012125
79.25,0.302284,0.303253
79.5,0.3043235,0.305302
79.75,0.3063715,0.3073585
80,0.3084275,0.309424
80.25,0.3104915,0.3114985
80.5,0.312565,0.3135835
80.75,0.3146465,0.315679
81,0.316737,0.3177845
81.25,0.3188365,0.3198985
81.5,0.3209445,0.3220215
81.75,0.3230625,0.3241535
82,0.32519,0.3262945
82.25,0.3273275,0.3284445
82.5,0.329475,0.330603
82.75,0.331633,0.3327705
83,0.333801,0.3349485
83.25,0.3359795,0.337138
83.5,0.338168,0.339339
83.75,0.3403665,0.341551
84,0.342576,0.3437735
84.25,0.3447945,0.3460065
84.5,0.3470245,0.3482525
84.75,0.3492645,0.35051
85,0.351515,0.35278
85.25,0.3537755,0.3550595
85.5,0.3560455,0.357348
85.75,0.3583255,0.3596465
86,0.360614,0.361955
86.25,0.3629125,0.3642735
86.5,0.3652205,0.366603
86.75,0.3675395,0.368942
87,0.3698685,0.371291
87.25,0.372209,0.37365
87.5,0.3745595,0.3760195
87.75,0.3769215,0.3783995
88,0.379294,0.380791
88.25,0.381677,0.3831925
88.5,0.3840715,0.3856045
88.75,0.386477,0.3880285
89,0.388892,0.390462
89.25,0.391317,0.392905
89.5,0.393753,0.395359
89.75,0.396199,0.3978225
90,0.398655,0.4002975
90.25,0.4011215,0.4027845
90.5,0.4035975,0.405283
90.75,0.4060835,0.4077925
91,0.4085785,0.4103125
91.25,0.4110835,0.412842
91.5,0.413598,0.4153825
91.75,0.4161225,0.4179325
92,0.4186565,0.4204905
92.25,0.4212005,0.423058
92.5,0.423755,0.4256335
92.75,0.4263195,0.42822
93,0.428893,0.4308165
93.25,0.431476,0.4334215
93.5,0.434069,0.4360355
93.75,0.436671,0.438658
94,0.439283,0.441291
94.25,0.441904,0.443935
94.5,0.444534,0.446591
94.75,0.4471735,0.4492555
95,0.449822,0.4519295
95.25,0.4524785,0.4546125
95.5,0.455143,0.4573035
95.75,0.4578155,0.4600035
96,0.4604955,0.4627115
96.25,0.463183,0.465427
96.5,0.4658795,0.46815
96.75,0.4685835,0.4708805
97,0.471296,0.4736175
97.25,0.474017,0.476363
97.5,0.476746,0.479117
97.75,0.4794835,0.481878
98,0.4822295,0.4846475
98.25,0.484985,0.487425
98.5,0.48775,0.4902115
98.75,0.490522,0.493006
99,0.493303,0.495809
99.25,0.496092,0.49862
99.5,0.4988895,0.5014375
99.75,0.5016965,0.504264
100,0.5045115,0.5071
100.25,0.507335,0.509945
100.5,0.5101665,0.5128
100.75,0.5130065,0.5156625
101,0.515854,0.5185355
101.25,0.5187095,0.521418
101.5,0.5215735,0.5243085
101.75,0.5244455,0.527208
102,0.5273265,0.5301165
102.25,0.530216,0.533032
102.5,0.533114,0.5359565
102.75,0.536021,0.538891
103,0.538937,0.541833
103.25,0.5418615,0.544783
103.5,0.544795,0.5477405
103.75,0.547737,0.5507055
104,0.550688,0.5536805
104.25,0.5536485,0.556666
104.5,0.5566185,0.5596615
104.75,0.5595985,0.562666
105,0.5625875,0.5656815
105.25,0.565586,0.5687055
105.5,0.5685935,0.5717405
105.75,0.5716095,0.5747855
106,0.574634,0.57784
106.25,0.5776675,0.580904
106.5,0.5807105,0.5839765
106.75,0.5837625,0.5870575
107,0.5868225,0.590147
107.25,0.5898925,0.593245
107.5,0.5929705,0.596353
107.75,0.596059,0.59947
108,0.599158,0.6025965
108.25,0.6022675,0.6057325
108.5,0.6053865,0.60888
108.75,0.608516,0.612037
109,0.6116555,0.6152055
109.25,0.614805,0.618383
109.5,0.6179655,0.62157
109.75,0.621137,0.6247675
110,0.6243185,0.627975
110.25,0.6275115,0.6311945
110.5,0.630715,0.6344245
110.75,0.633928,0.637665
111,0.6371525,0.6409175
111.25,0.640387,0.6441815
111.5,0.643631,0.6474575
111.75,0.6468855,0.6507455
112,0.6501505,0.654044
112.25,0.6534255,0.657354
112.5,0.656711,0.6606765
112.75,0.6600075,0.66401
113,0.663314,0.6673555
113.25,0.666631,0.6707105
113.5,0.6699585,0.6740745
113.75,0.673296,0.677449
114,0.6766435,0.680833
114.25,0.6800015,0.684228
114.5,0.68337,0.687634
114.75,0.68675,0.6910505
115,0.69014,0.6944765
115.25,0.693541,0.697914
115.5,0.6969535,0.7013625
115.75,0.7003755,0.7048235
116,0.7038075,0.7082955
116.25,0.7072505,0.7117785
116.5,0.710703,0.7152715
116.75,0.7141665,0.718775
117,0.7176395,0.7222885
117.25,0.721121,0.725812
117.5,0.724613,0.7293445
117.75,0.728113,0.732887
118,0.731624,0.736439
118.25,0.7351455,0.7400005
118.5,0.738676,0.7435715
118.75,0.742216,0.747154
119,0.745766,0.7507475
119.25,0.749325,0.7543485
119.5,0.752894,0.75796
119.75,0.7564725,0.7615805
120,0.7600615,0.76521
120.25,0.76366,0.7688505
120.5,0.767269,0.7724985
120.75,0.770887,0.7761565
121,0.7745145,0.7798255
121.25,0.7781525,0.783502
121.5,0.7817995,0.7871895
121.75,0.7854555,0.7908875
122,0.7891205,0.7945945
122.25,0.7927935,0.7983105
122.5,0.796476,0.802038
122.75,0.800167,0.805774
123,0.8038665,0.809522
123.25,0.8075745,0.81328
123.5,0.811291,0.8170455
123.75,0.8150155,0.8208195
124,0.818748,0.8246015
124.25,0.8224875,0.8283925
124.5,0.826235,0.832192
124.75,0.8299895,0.8360005
125,0.833753,0.8398145
125.25,0.837524,0.8436355
125.5,0.8413025,0.847464
125.75,0.8450895,0.8513005
126,0.848884,0.855145
126.25,0.8526865,0.8589985
126.5,0.856497,0.862859
126.75,0.8603155,0.866728
127,0.8641425,0.8706045
127.25,0.867977,0.8744885
127.5,0.8718185,0.8783815
127.75,0.875667,0.8822805
128,0.8795225,0.886186
128.25,0.8833855,0.890099
128.5,0.887256,0.8940175
128.75,0.891134,0.897945
129,0.8950195,0.9018795
129.25,0.898911,0.905821
129.5,0.90281,0.9097705
129.75,0.9067165,0.913726
130,0.9106285,0.9176895
130.25,0.9145485,0.92166
130.5,0.918475,0.9256365
130.75,0.922409,0.929622
131,0.9263505,0.933614
131.25,0.930299,0.937612
131.5,0.9342555,0.941618
131.75,0.9382195,0.9456305
132,0.942191,0.9496515
132.25,0.9461695,0.953679
132.5,0.9501555,0.9577115
132.75,0.954148,0.961753
133,0.958148,0.965803
133.25,0.9621555,0.969861
133.5,0.96617,0.973927
133.75,0.9701925,0.978001
134,0.9742215,0.9820825
134.25,0.9782575,0.9861715
134.5,0.9822995,0.9902685
134.75,0.9863485,0.994374
135,0.990404,0.9984905
135.25,0.994466,1.0026105
135.5,0.9985325,1.00674
135.75,1.00261,1.01087
136,1.00669,1.015015
136.25,1.01078,1.019155
136.5,1.014875,1.02331
136.75,1.018975,1.02747
137,1.02308,1.031635
137.25,1.0272,1.03581
137.5,1.03132,1.03999
137.75,1.035445,1.04418
138,1.039585,1.048375
138.25,1.04373,1.05258
138.5,1.04788,1.056785
138.75,1.052035,1.061005
139,1.056205,1.06523
139.25,1.06038,1.06946
139.5,1.064555,1.073695
139.75,1.068745,1.077945
140,1.07294,1.082195
140.25,1.07714,1.086455
140.5,1.08135,1.09072
140.75,1.085565,1.094995
141,1.089785,1.099275
141.25,1.09402,1.10357
141.5,1.098255,1.10786
141.75,1.1025,1.112165
142,1.106745,1.11648
142.25,1.111,1.1208
142.5,1.11527,1.125125
142.75,1.119535,1.12946
143,1.12382,1.1338
143.25,1.1281,1.13815
143.5,1.132395,1.1425
143.75,1.136695,1.146865
144,1.141,1.151235
144.25,1.14532,1.15561
144.5,1.14964,1.15999
144.75,1.15397,1.16438
145,1.158305,1.16878
145.25,1.16265,1.173185
145.5,1.167,1.1776
145.75,1.171355,1.182025
146,1.17572,1.186455
146.25,1.18009,1.190895
146.5,1.184465,1.195335
146.75,1.18885,1.19979
147,1.193235,1.20425
147.25,1.197635,1.208715
147.5,1.20203,1.213185
147.75,1.206435,1.217655
148,1.21085,1.22214
148.25,1.21527,1.226625
148.5,1.21969,1.23112
148.75,1.224115,1.23562
149,1.228555,1.24013
149.25,1.233,1.244645
149.5,1.237445,1.24916
149.75,1.2419,1.253685
150,1.24636,1.258215
150.25,1.250825,1.262755
150.5,1.2553,1.267295
150.75,1.25978,1.271845
151,1.264265,1.276395
151.25,1.26875,1.28096
151.5,1.27325,1.285525
151.75,1.27775,1.290095
152,1.282255,1.29467
152.25,1.28677,1.299255
152.5,1.291285,1.303845
152.75,1.295805,1.30844
153,1.300335,1.31304
153.25,1.304865,1.31764
153.5,1.309405,1.322255
153.75,1.31394,1.326865
154,1.31849,1.33149
154.25,1.323035,1.336115
154.5,1.327585,1.34075
154.75,1.332145,1.345385
155,1.33671,1.350025
155.25,1.34128,1.354665
155.5,1.34585,1.359315
155.75,1.35042,1.363965
156,1.355,1.368615
156.25,1.359585,1.373275
156.5,1.364175,1.37794
156.75,1.368765,1.3826
157,1.37336,1.38727
157.25,1.37796,1.39195
157.5,1.38256,1.396635
157.75,1.38717,1.401315
158,1.39178,1.406
158.25,1.39639,1.410695
158.5,1.401005,1.41539
158.75,1.405625,1.42008
159,1.410245,1.424785
159.25,1.41487,1.42949
159.5,1.41949,1.434195
159.75,1.42412,1.438905
160,1.428755,1.44361
160.25,1.433385,1.448325
160.5,1.43802,1.45304
160.75,1.442655,1.457755
161,1.4473,1.46247
161.25,1.45194,1.467195
161.5,1.456585,1.471915
161.75,1.46123,1.47664
162,1.465885,1.48137
162.25,1.470535,1.4861
162.5,1.47519,1.490825
162.75,1.47985,1.49556
163,1.48451,1.500295
163.25,1.48917,1.505035
163.5,1.493835,1.509775
163.75,1.4985,1.51451
164,1.503165,1.51926
164.25,1.507835,1.524005
164.5,1.512505,1.52875
164.75,1.517175,1.5335
165,1.52185,1.53825
165.25,1.526525,1.543
165.5,1.531195,1.54776
165.75,1.535875,1.552515
166,1.54055,1.557275
166.25,1.54523,1.562035
166.5,1.549915,1.566795
166.75,1.55459,1.57156
167,1.55927,1.576325
167.25,1.56395,1.58109
167.5,1.568635,1.58585
167.75,1.573325,1.59061
168,1.578005,1.595375
168.25,1.582695,1.60014
168.5,1.58738,1.60491
168.75,1.59207,1.609675
169,1.59676,1.614445
169.25,1.60145,1.619215
169.5,1.60614,1.623985
169.75,1.610835,1.62875
170,1.615525,1.633525
170.25,1.62022,1.638295
170.5,1.624915,1.64307
170.75,1.629615,1.647845
171,1.634305,1.652625
171.25,1.639005,1.657395
171.5,1.6437,1.66217
171.75,1.6484,1.666945
172,1.65309,1.67172
172.25,1.65779,1.676495
172.5,1.662485,1.681265
172.75,1.667185,1.68604
173,1.67188,1.690815
173.25,1.676585,1.69559
173.5,1.681285,1.700365
173.75,1.68598,1.70514
174,1.690685,1.70991
174.25,1.695385,1.714685
174.5,1.70009,1.71946
174.75,1.704795,1.724235
175,1.7095,1.72902
175.25,1.714205,1.733795
175.5,1.71891,1.738575
175.75,1.723615,1.74335
176,1.72832,1.748125
176.25,1.73303,1.752905
176.5,1.737735,1.757685
176.75,1.742445,1.76246
177,1.74715,1.76724
177.25,1.751855,1.772025
177.5,1.756565,1.776805
177.75,1.76127,1.781585
178,1.765975,1.786375
178.25,1.770685,1.791155
178.5,1.77539,1.79594
178.75,1.78009,1.80072
179,1.784795,1.8055
179.25,1.789505,1.810285
179.5,1.794205,1.815065
179.75,1.79891,1.819845
180,1.803615,1.824625
180.25,1.808315,1.829405
180.5,1.81302,1.834185
180.75,1.817725,1.83896
181,1.822425,1.84374
181.25,1.827125,1.848515
181.5,1.83183,1.853295
181.75,1.836535,1.858065
182,1.841235,1.86284
182.25,1.845935,1.867615
182.5,1.850635,1.872385
182.75,1.855335,1.87716
183,1.860035,1.881935
183.25,1.86473,1.886705
183.5,1.86943,1.89148
183.75,1.874125,1.896245
184,1.87882,1.901015
184.25,1.883515,1.90578
184.5,1.888205,1.91054
184.75,1.8929,1.915305
185,1.897585,1.92006
185.25,1.902275,1.92482
185.5,1.90696,1.929575
185.75,1.91165,1.93433
186,1.916335,1.93908
186.25,1.92102,1.943835
186.5,1.925705,1.94859
186.75,1.930385,1.95334
187,1.935065,1.958085
187.25,1.939745,1.96283
187.5,1.94442,1.96757
187.75,1.9491,1.972315
188,1.95377,1.977055
188.25,1.958445,1.981785
188.5,1.963115,1.98652
188.75,1.96779,1.991255
189,1.972455,1.995985
189.25,1.977115,2.000715
189.5,1.98178,2.005445
189.75,1.986435,2.010165
190,1.991095,2.01489
190.25,1.99575,2.01961
190.5,2.0004,2.02433
190.75,2.00505,2.029045
191,2.009695,2.033755
191.25,2.01434,2.038465
191.5,2.018975,2.04317
191.75,2.02361,2.047875
192,2.028245,2.052575
192.25,2.03287,2.057265
192.5,2.037495,2.061955
192.75,2.042115,2.066645
193,2.046735,2.07133
193.25,2.051355,2.07601
193.5,2.055965,2.08068
193.75,2.060575,2.08535
194,2.06518,2.090015
194.25,2.06978,2.094675
194.5,2.07438,2.099335
194.75,2.078975,2.10399
195,2.08357,2.10864
195.25,2.088155,2.113295
195.5,2.092735,2.117935
195.75,2.097315,2.12257
196,2.101885,2.127205
196.25,2.106455,2.13183
196.5,2.11102,2.13645
196.75,2.11558,2.14107
197,2.12013,2.145675
197.25,2.12468,2.150285
197.5,2.12923,2.154885
197.75,2.13377,2.159485
198,2.138305,2.16407
198.25,2.14284,2.168655
198.5,2.147365,2.173235
198.75,2.151885,2.17781
199,2.156405,2.182375
199.25,2.160915,2.186935
199.5,2.165425,2.191495
199.75,2.16993,2.196045
200,2.17443,2.20059
200.25,2.17892,2.20513
200.5,2.18341,2.209665
200.75,2.187895,2.21419
201,2.19237,2.218715
201.25,2.19684,2.22323
201.5,2.20131,2.22774
201.75,2.205775,2.232245
202,2.21023,2.23674
202.25,2.21468,2.241235
202.5,2.219125,2.24572
202.75,2.223565,2.250205
203,2.227995,2.254675
203.25,2.232425,2.259145
203.5,2.23684,2.263605
203.75,2.24126,2.26806
204,2.245665,2.27251
204.25,2.25007,2.27695
204.5,2.25447,2.281385
204.75,2.258855,2.285815
205,2.26324,2.29024
205.25,2.26762,2.294645
205.5,2.27199,2.299055
205.75,2.276355,2.30345
206,2.280715,2.30784
206.25,2.28507,2.312225
206.5,2.28942,2.316605
206.75,2.293765,2.320975
207,2.298105,2.32534
207.25,2.30243,2.3297
207.5,2.30676,2.33405
207.75,2.311075,2.338395
208,2.31539,2.342735
208.25,2.31969,2.347065
208.5,2.323995,2.35139
208.75,2.328285,2.355705
209,2.33257,2.360015
209.25,2.33685,2.364315
209.5,2.341125,2.36861
209.75,2.34539,2.3729
210,2.34965,2.37718
210.25,2.353905,2.38145
210.5,2.35815,2.385715
210.75,2.36239,2.38997
211,2.366625,2.394225
211.25,2.370855,2.39847
211.5,2.37508,2.402705
211.75,2.379295,2.406935
212,2.383505,2.41116
212.25,2.38771,2.415375
212.5,2.391905,2.41958
212.75,2.3961,2.423785
213,2.40028,2.42798
213.25,2.40446,2.432165
213.5,2.40863,2.43634
213.75,2.412795,2.440515
214,2.41696,2.44468
214.25,2.42111,2.448835
214.5,2.42526,2.45299
214.75,2.4294,2.45713
215,2.433535,2.46127
215.25,2.43766,2.465395
215.5,2.441785,2.469515
215.75,2.445895,2.47363
216,2.450005,2.477735
216.25,2.454105,2.48184
216.5,2.4582,2.485935
216.75,2.46229,2.49002
217,2.46637,2.494095
217.25,2.470445,2.498165
217.5,2.474515,2.502225
217.75,2.47857,2.506275
218,2.482625,2.510325
218.25,2.486675,2.51436
218.5,2.49072,2.51839
218.75,2.494755,2.522415
219,2.49879,2.52643
219.25,2.50281,2.530435
219.5,2.50683,2.534435
219.75,2.51084,2.538425
220,2.514845,2.542415
220.25,2.518845,2.54639
220.5,2.522835,2.55036
220.75,2.52682,2.55433
221,2.5308,2.558285
221.25,2.534775,2.56223
221.5,2.53874,2.56617
221.75,2.542695,2.570105
222,2.54665,2.57403
222.25,2.55059,2.577945
222.5,2.55453,2.58186
222.75,2.55846,2.585765
223,2.56238,2.58966
223.25,2.5663,2.59355
223.5,2.57021,2.597425
223.75,2.57411,2.6013
224,2.578005,2.605165
224.25,2.581895,2.609025
224.5,2.585775,2.612875
224.75,2.58965,2.616715
225,2.593525,2.62055
225.25,2.59738,2.624375
225.5,2.601235,2.62819
225.75,2.605085,2.632
226,2.608925,2.635805
226.25,2.61276,2.6396
226.5,2.616585,2.643385
226.75,2.620405,2.647165
227,2.62422,2.65093
227.25,2.62802,2.654695
227.5,2.63182,2.658445
227.75,2.635605,2.66219
228,2.63939,2.665925
228.25,2.64316,2.66966
228.5,2.64693,2.673375
228.75,2.65069,2.67709
229,2.654445,2.68079
229.25,2.65818,2.684485
229.5,2.66192,2.688175
229.75,2.66565,2.69185
230,2.66937,2.695515
230.25,2.67308,2.69918
230.5,2.676785,2.702825
230.75,2.680485,2.70646
231,2.684175,2.710095
231.25,2.687855,2.71371
231.5,2.69153,2.717325
231.75,2.6952,2.72093
232,2.69886,2.724515
232.25,2.70251,2.7281
232.5,2.70615,2.731675
232.75,2.70979,2.73524
233,2.71342,2.7388
233.25,2.71704,2.74235
233.5,2.72065,2.745885
233.75,2.72426,2.749415
234,2.727855,2.752935
234.25,2.731445,2.756445
234.5,2.735025,2.75995
234.75,2.738595,2.76344
235,2.74216,2.766925
235.25,2.745715,2.7704
235.5,2.749265,2.773865
235.75,2.7528,2.77732
236,2.75633,2.780765
236.25,2.75985,2.784195
236.5,2.763365,2.787625
236.75,2.766865,2.79104
237,2.77036,2.794455
237.25,2.77385,2.797845
237.5,2.77733,2.80124
237.75,2.7808,2.804615
238,2.78426,2.807985
238.25,2.787715,2.811345
238.5,2.79116,2.81469
238.75,2.794595,2.81803
239,2.79802,2.821365
239.25,2.80144,2.824685
239.5,2.80485,2.82799
239.75,2.808245,2.83129
240,2.81164,2.83458
240.25,2.815025,2.83786
240.5,2.8184,2.84113
240.75,2.821765,2.84439
241,2.82512,2.84764
241.25,2.828465,2.85088
241.5,2.831805,2.85411
241.75,2.835135,2.85733
242,2.83846,2.86054
242.25,2.84177,2.86374
242.5,2.84507,2.86693
242.75,2.848365,2.87011
243,2.85165,2.87328
243.25,2.854925,2.876435
243.5,2.85819,2.879585
243.75,2.86145,2.882715
244,2.8647,2.885845
244.25,2.86794,2.88896
244.5,2.87117,2.892065
244.75,2.87439,2.895155
245,2.87761,2.89824
245.25,2.880815,2.901315
245.5,2.884015,2.904375
245.75,2.887205,2.90743
246,2.890385,2.910475
246.25,2.89356,2.913505
246.5,2.896725,2.91653
246.75,2.89988,2.91954
247,2.90303,2.922545
247.25,2.90617,2.925535
247.5,2.909295,2.92852
247.75,2.91242,2.931495
248,2.915535,2.93446
248.25,2.91864,2.93741
248.5,2.921735,2.940355
248.75,2.924825,2.94329
249,2.927905,2.946215
249.25,2.930975,2.949135
249.5,2.93404,2.952035
249.75,2.93709,2.95493
250,2.94014,2.957815
250.25,2.94318,2.960695
250.5,2.946205,2.96356
250.75,2.949225,2.96642
251,2.95224,2.969265
251.25,2.955245,2.9721
251.5,2.95824,2.97493
251.75,2.961225,2.97774
252,2.9642,2.98055
252.25,2.96717,2.98334
252.5,2.97013,2.986125
252.75,2.97308,2.988895
253,2.97602,2.991655
253.25,2.97895,2.994405
253.5,2.98187,2.997145
253.75,2.984775,2.999865
254,2.98768,3.002585
254.25,2.99057,3.005285
254.5,2.99345,3.007975
254.75,2.99632,3.010655
255,2.999175,3.01332
255.25,3.00202,3.01597
255.5,3.004855,3.01861
255.75,3.007675,3.02124
256,3.01049,3.023855
256.25,3.01329,3.02646
256.5,3.01608,3.029045
256.75,3.01886,3.031625
257,3.02163,3.03419
257.25,3.024385,3.036735
257.5,3.027125,3.039275
257.75,3.029865,3.0418
258,3.03259,3.04431
258.25,3.035295,3.046805
258.5,3.037995,3.04929
258.75,3.04069,3.05176
259,3.043365,3.054215
259.25,3.04603,3.05666
259.5,3.04868,3.05909
259.75,3.051325,3.061515
260,3.053955,3.06391
260.25,3.056565,3.066305
260.5,3.05917,3.068675
260.75,3.061755,3.07104
261,3.06433,3.073385
261.25,3.06689,3.075715
261.5,3.069435,3.07803
261.75,3.071965,3.080335
262,3.074485,3.082625
262.25,3.07699,3.084895
262.5,3.079475,3.087155
262.75,3.081945,3.08939
263,3.084405,3.091615
263.25,3.08684,3.09383
263.5,3.08927,3.096015
263.75,3.091675,3.09819
264,3.09407,3.10035
264.25,3.096445,3.10249
264.5,3.098805,3.104615
264.75,3.101145,3.10672
265,3.103465,3.108805
265.25,3.105775,3.11087
265.5,3.108055,3.11292
265.75,3.110325,3.114945
266,3.112585,3.11696
266.25,3.114815,3.11895
266.5,3.11703,3.12092
266.75,3.11922,3.122865
267,3.1214,3.124795
267.25,3.123555,3.126705
267.5,3.125685,3.128585
267.75,3.1278,3.130455
268,3.12989,3.132295
268.25,3.13196,3.134115
268.5,3.13401,3.135915
268.75,3.136035,3.13769
269,3.138035,3.13944
269.25,3.14002,3.141165
269.5,3.14198,3.14287
269.75,3.143915,3.14455
270,3.14583,3.146205
270.25,3.14772,3.147835
270.5,3.149585,3.14944
270.75,3.15143,3.15102
271,3.15325,3.152575
271.25,3.155045,3.154095
271.5,3.156815,3.1556
271.75,3.158565,3.157075
272,3.160285,3.158525
272.25,3.16198,3.159945
272.5,3.163655,3.161345
272.75,3.1653,3.162715
273,3.166915,3.164055
273.25,3.16851,3.16537
273.5,3.170075,3.166655
273.75,3.171615,3.167915
274,3.17313,3.169145
274.25,3.17461,3.170345
274.5,3.17607,3.171515
274.75,3.1775,3.172665
275,3.178895,3.173775
275.25,3.180265,3.174865
275.5,3.18161,3.175925
275.75,3.182915,3.17695
276,3.1842,3.177945
276.25,3.185455,3.17892
276.5,3.186675,3.179855
276.75,3.187865,3.180765
277,3.189025,3.18164
277.25,3.190155,3.18248
277.5,3.191255,3.1833
277.75,3.19232,3.18408
278,3.19336,3.184835
278.25,3.194365,3.18555
278.5,3.195335,3.18624
278.75,3.19628,3.18689
279,3.19719,3.187515
279.25,3.19807,3.188105
279.5,3.19892,3.188665
279.75,3.19973,3.18919
280,3.200515,3.18968
280.25,3.20126,3.190135
280.5,3.201975,3.19056
280.75,3.202655,3.190955
281,3.20331,3.19131
281.25,3.20392,3.191635
281.5,3.2045,3.19192
281.75,3.205045,3.192175
282,3.205555,3.192395
282.25,3.206035,3.19258
282.5,3.206475,3.192725
282.75,3.20689,3.19284
283,3.20726,3.192915
283.25,3.2076,3.19296
283.5,3.207905,3.19297
283.75,3.208175,3.192935
284,3.20841,3.19287
284.25,3.208615,3.19277
284.5,3.20878,3.192635
284.75,3.208905,3.19246
285,3.209005,3.19225
285.25,3.20907,3.192005
285.5,3.20909,3.191725
285.75,3.20908,3.191405
286,3.20904,3.19105
286.25,3.208955,3.19066
286.5,3.20884,3.190235
286.75,3.208695,3.18977
287,3.208505,3.18927
287.25,3.20828,3.188735
287.5,3.20802,3.188165
287.75,3.20773,3.187565
288,3.207395,3.18692
288.25,3.207025,3.186245
288.5,3.206625,3.185535
288.75,3.20619,3.184795
289,3.205715,3.18402
289.25,3.20521,3.18321
289.5,3.20467,3.18237
289.75,3.2041,3.181495
290,3.20349,3.18059
290.25,3.202855,3.17965
290.5,3.20218,3.178685
290.75,3.20147,3.177685
291,3.200735,3.176655
291.25,3.19996,3.17559
291.5,3.199165,3.174495
291.75,3.198325,3.17337
292,3.19746,3.172215
292.25,3.19656,3.17103
292.5,3.19563,3.16981
292.75,3.194675,3.168565
293,3.19368,3.167285
293.25,3.192655,3.16598
293.5,3.191605,3.164645
293.75,3.190525,3.16328
294,3.18941,3.161885
294.25,3.188265,3.160465
294.5,3.187095,3.159015
294.75,3.18589,3.15753
295,3.184655,3.15602
295.25,3.183385,3.154485
295.5,3.18209,3.15291
295.75,3.18076,3.15132
296,3.179405,3.149695
296.25,3.178015,3.148045
296.5,3.176595,3.146365
296.75,3.175145,3.14466
297,3.17366,3.14293
297.25,3.17215,3.14117
297.5,3.17061,3.13938
297.75,3.169045,3.137565
298,3.16744,3.135725
298.25,3.165815,3.133855
298.5,3.164155,3.13196
298.75,3.162465,3.13004
299,3.16075,3.12809
299.25,3.159,3.126105
299.5,3.157225,3.1241
299.75,3.15541,3.122065
300,3.15357,3.12
300.25,3.151695,3.117905
300.5,3.149795,3.115785
300.75,3.14786,3.11363
301,3.14589,3.11145
301.25,3.14389,3.109245
301.5,3.141865,3.10701
301.75,3.13981,3.104745
302,3.13772,3.10245
302.25,3.1356,3.100135
302.5,3.13345,3.09778
302.75,3.13127,3.095405
303,3.12906,3.093005
303.25,3.126825,3.09058
303.5,3.12455,3.08812
303.75,3.12225,3.08564
304,3.11992,3.08313
304.25,3.11756,3.080595
304.5,3.11517,3.078035
304.75,3.11276,3.07545
305,3.11031,3.072835
305.25,3.10784,3.0702
305.5,3.105345,3.067545
305.75,3.102815,3.064865
306,3.100265,3.06216
306.25,3.097685,3.059435
306.5,3.09508,3.056685
306.75,3.092455,3.05392
307,3.0898,3.05113
307.25,3.08713,3.04832
307.5,3.084425,3.04549
307.75,3.0817,3.04264
308,3.07895,3.03977
308.25,3.07618,3.03688
308.5,3.07339,3.03397
308.75,3.07057,3.03105
309,3.06773,3.02811
309.25,3.06487,3.02515
309.5,3.061995,3.02218
309.75,3.0591,3.01919
310,3.056185,3.016195
310.25,3.05326,3.01318
310.5,3.050315,3.010155
310.75,3.04735,3.007115
311,3.044375,3.00407
311.25,3.041385,3.00101
311.5,3.03838,2.997945
311.75,3.035365,2.99487
312,3.03233,2.99178
312.25,3.02929,2.988685
312.5,3.026235,2.98559
312.75,3.02317,2.982475
313,3.020095,2.979365
313.25,3.01701,2.97624
313.5,3.01391,2.97312
313.75,3.010805,2.96999
314,3.00769,2.966855
314.25,3.004565,2.96372
314.5,3.00144,2.960575
314.75,2.998295,2.95744
315,2.995155,2.95429
315.25,2.992005,2.951145
315.5,2.988845,2.948
315.75,2.985685,2.944855
316,2.982515,2.941705
316.25,2.97934,2.93855
316.5,2.97616,2.935405
316.75,2.972975,2.932255
317,2.96978,2.929105
317.25,2.966585,2.92596
317.5,2.96339,2.92281
317.75,2.960195,2.91966
318,2.95699,2.91652
318.25,2.953785,2.913375
318.5,2.950575,2.91023
318.75,2.94737,2.907095
319,2.94416,2.903955
319.25,2.94095,2.90082
319.5,2.93774,2.89769
319.75,2.93453,2.89456
320,2.93131,2.89143
320.25,2.928095,2.888305
320.5,2.924885,2.885185
320.75,2.921665,2.882065
321,2.91845,2.878945
321.25,2.91523,2.875835
321.5,2.91201,2.872725
321.75,2.90879,2.86962
322,2.90557,2.86652
322.25,2.90235,2.86342
322.5,2.89913,2.86033
322.75,2.89591,2.857245
323,2.892695,2.854165
323.25,2.889485,2.851095
323.5,2.88627,2.84803
323.75,2.883065,2.84497
324,2.87986,2.84192
324.25,2.87666,2.838875
324.5,2.87346,2.835845
324.75,2.870265,2.83282
325,2.86708,2.8298
325.25,2.863895,2.826795
325.5,2.86072,2.823795
325.75,2.85755,2.8208
326,2.854385,2.817825
326.25,2.851225,2.814855
326.5,2.84808,2.8119
326.75,2.84494,2.808955
327,2.84181,2.806025
327.25,2.838695,2.8031
327.5,2.835585,2.800195
327.75,2.832485,2.797305
328,2.829405,2.794425
328.25,2.826325,2.79157
328.5,2.823265,2.78872
328.75,2.820215,2.78589
329,2.817185,2.78308
329.25,2.81416,2.780285
329.5,2.811155,2.77751
329.75,2.80816,2.774755
330,2.805185,2.77202
330.25,2.80223,2.769305
330.5,2.799285,2.766615
330.75,2.796365,2.76394
331,2.79346,2.761295
331.25,2.790585,2.75867
331.5,2.78772,2.756075
331.75,2.78488,2.753505
332,2.782065,2.75096
332.25,2.77927,2.74844
332.5,2.7765,2.745945
332.75,2.773755,2.743485
333,2.771035,2.741045
333.25,2.76834,2.738635
333.5,2.76567,2.736255
333.75,2.76302,2.733895
334,2.7604,2.73157
334.25,2.757805,2.72927
334.5,2.75524,2.727005
334.75,2.752695,2.724765
335,2.750175,2.72255
335.25,2.74769,2.720375
335.5,2.745235,2.718225
335.75,2.7428,2.716105
336,2.7404,2.714015
336.25,2.738025,2.711955
336.5,2.735685,2.709925
336.75,2.73337,2.70793
337,2.731075,2.705965
337.25,2.72882,2.70403
337.5,2.72659,2.70213
337.75,2.72439,2.700255
338,2.72222,2.69842
338.25,2.72008,2.69661
338.5,2.71797,2.69483
338.75,2.71589,2.69309
339,2.71384,2.691375
339.25,2.71182,2.689695
339.5,2.70983,2.688045
339.75,2.70787,2.686425
340,2.705945,2.68484
340.25,2.70404,2.683285
340.5,2.702175,2.68176
340.75,2.700335,2.68027
341,2.69853,2.67881
341.25,2.69675,2.677385
341.5,2.695,2.675975
341.75,2.69328,2.674605
342,2.69159,2.673265
342.25,2.689925,2.671955
342.5,2.688295,2.670675
342.75,2.68669,2.669415
343,2.68511,2.66819
343.25,2.683565,2.667
343.5,2.682045,2.665835
343.75,2.680555,2.6647
344,2.6791,2.663595
344.25,2.67767,2.66252
344.5,2.676275,2.661475
344.75,2.67491,2.66046
345,2.673575,2.659475
345.25,2.67227,2.658525
345.5,2.671,2.6576
345.75,2.66975,2.65671
346,2.66854,2.65585
346.25,2.66736,2.655015
346.5,2.66621,2.654215
346.75,2.665095,2.65345
347,2.66401,2.65271
347.25,2.662955,2.652
347.5,2.661935,2.65133
347.75,2.66094,2.650685
348,2.659985,2.650075
348.25,2.659065,2.6495
348.5,2.65817,2.648955
348.75,2.657315,2.648445
349,2.656495,2.64797
349.25,2.655705,2.647525
349.5,2.65495,2.647115
349.75,2.65423,2.646735
350,2.65354,2.646395
350.25,2.65289,2.646085
350.5,2.65227,2.645805
350.75,2.65169,2.645565
351,2.65114,2.64536
351.25,2.65063,2.64519
351.5,2.650155,2.645055
351.75,2.64972,2.644955
352,2.649315,2.64489
352.25,2.64895,2.64486
352.5,2.648625,2.644865
352.75,2.64834,2.64491
353,2.648085,2.644985
353.25,2.64788,2.6451
353.5,2.647705,2.64525
353.75,2.64757,2.645435
354,2.64747,2.645655
354.25,2.64741,2.64591
354.5,2.647385,2.6462
354.75,2.6474,2.646525
355,2.647445,2.646885
355.25,2.647535,2.647275
355.5,2.64765,2.647705
355.75,2.64781,2.648165
356,2.648,2.64866
356.25,2.648235,2.649195
356.5,2.648495,2.649755
356.75,2.648795,2.650355
357,2.649135,2.65098
357.25,2.649505,2.651645
357.5,2.649905,2.65234
357.75,2.650345,2.65307
358,2.650815,2.653825
358.25,2.651325,2.654615
358.5,2.651865,2.655435
358.75,2.65243,2.65628
359,2.653035,2.657155
359.25,2.653675,2.65806
359.5,2.654335,2.658995
359.75,2.655035,2.65996
360,2.65576,2.66094
360.25,2.656515,2.661955
360.5,2.657305,2.662995
360.75,2.65812,2.664055
361,2.658965,2.66514
361.25,2.65984,2.66625
361.5,2.66074,2.667385
361.75,2.66167,2.66854
362,2.662625,2.66972
362.25,2.66361,2.670915
362.5,2.66461,2.672135
362.75,2.665635,2.673375
363,2.66669,2.674635
363.25,2.66776,2.675915
363.5,2.668855,2.67721
363.75,2.669975,2.678525
364,2.67112,2.67986
364.25,2.67228,2.681215
364.5,2.67347,2.682585
364.75,2.67467,2.68397
365,2.6759,2.685375
365.25,2.67715,2.6868
365.5,2.67842,2.68824
365.75,2.67971,2.6897
366,2.681015,2.69117
366.25,2.682345,2.69266
366.5,2.683695,2.694165
366.75,2.685065,2.695685
367,2.68646,2.69722
367.25,2.687865,2.698765
367.5,2.68929,2.70033
367.75,2.69074,2.70191
368,2.692195,2.703495
368.25,2.69368,2.7051
368.5,2.695175,2.70671
368.75,2.69669,2.70834
369,2.698225,2.709985
369.25,2.699775,2.711635
369.5,2.701345,2.713305
369.75,2.70293,2.71498
370,2.70453,2.71667
370.25,2.706155,2.718375
370.5,2.707785,2.72009
370.75,2.70944,2.72182
371,2.71111,2.723555
371.25,2.71279,2.725305
371.5,2.714485,2.727065
371.75,2.7162,2.72884
372,2.71793,2.730625
372.25,2.71967,2.73242
372.5,2.72143,2.734225
372.75,2.723205,2.736045
373,2.724995,2.73787
373.25,2.7268,2.73971
373.5,2.728615,2.74156
373.75,2.73045,2.74342
374,2.7323,2.74529
374.25,2.73416,2.74717
374.5,2.736035,2.749055
374.75,2.73792,2.75095
375,2.73982,2.75285
375.25,2.74173,2.75476
375.5,2.74365,2.75668
375.75,2.74558,2.7586
376,2.74752,2.76052
376.25,2.74947,2.76245
376.5,2.75142,2.76438
376.75,2.75339,2.76632
377,2.75536,2.76825
377.25,2.757335,2.77019
377.5,2.759315,2.77213
377.75,2.761305,2.774075
378,2.7633,2.776015
378.25,2.7653,2.777955
378.5,2.767305,2.77989
378.75,2.76931,2.78183
379,2.77132,2.783765
379.25,2.773325,2.785705
379.5,2.77534,2.78763
379.75,2.77735,2.78955
380,2.779355,2.791475
380.25,2.78137,2.793385
380.5,2.783375,2.795295
380.75,2.78538,2.797195
381,2.78738,2.79908
381.25,2.789385,2.80097
381.5,2.791375,2.80284
381.75,2.793365,2.8047
382,2.795345,2.80656
382.25,2.79732,2.8084
382.5,2.79929,2.81023
382.75,2.801255,2.81205
383,2.803205,2.81385
383.25,2.805145,2.815645
383.5,2.80708,2.81742
383.75,2.809,2.81918
384,2.810905,2.82093
384.25,2.8128,2.82266
384.5,2.81469,2.82437
384.75,2.816555,2.826065
385,2.818415,2.827745
385.25,2.820255,2.8294
385.5,2.82209,2.83104
385.75,2.823905,2.832665
386,2.8257,2.83427
386.25,2.82749,2.835855
386.5,2.82926,2.83742
386.75,2.831025,2.83897
387,2.83276,2.8405
387.25,2.83449,2.842005
387.5,2.836205,2.843495
387.75,2.8379,2.84496
388,2.83958,2.846405
388.25,2.84124,2.84783
388.5,2.842885,2.849235
388.75,2.844505,2.85062
389,2.846115,2.851985
389.25,2.847705,2.853325
389.5,2.849275,2.854645
389.75,2.85083,2.855945
390,2.852365,2.85722
390.25,2.85388,2.85848
390.5,2.85538,2.859715
390.75,2.856855,2.860925
391,2.858315,2.862125
391.25,2.85976,2.863295
391.5,2.861175,2.86444
391.75,2.86258,2.86557
392,2.86396,2.866675
392.25,2.865325,2.867765
392.5,2.86667,2.86883
392.75,2.86799,2.869865
393,2.869295,2.870885
393.25,2.870575,2.871885
393.5,2.87184,2.87285
393.75,2.87308,2.873805
394,2.874305,2.87473
394.25,2.875505,2.875635
394.5,2.876685,2.876515
394.75,2.877845,2.87737
395,2.878985,2.8782
395.25,2.880105,2.879015
395.5,2.8812,2.879795
395.75,2.882275,2.88055
396,2.883325,2.881285
396.25,2.884355,2.88199
396.5,2.885355,2.88267
396.75,2.88633,2.883325
397,2.88728,2.88395
397.25,2.888205,2.884545
397.5,2.889105,2.88512
397.75,2.889975,2.885665
398,2.89082,2.886185
398.25,2.89164,2.88667
398.5,2.89243,2.887125
398.75,2.893195,2.88756
399,2.893935,2.887965
399.25,2.89464,2.888335
399.5,2.895315,2.88868
399.75,2.895965,2.88899
400,2.89658,2.88927
400.25,2.89717,2.889525
400.5,2.897725,2.88974
400.75,2.898255,2.889925
401,2.89875,2.89008
401.25,2.899215,2.8902
401.5,2.899645,2.89028
401.75,2.900045,2.890335
402,2.900405,2.89035
402.25,2.900735,2.890325
402.5,2.90103,2.890275
402.75,2.90129,2.890175
403,2.901515,2.890055
403.25,2.901705,2.88989
403.5,2.90186,2.889685
403.75,2.90198,2.88945
404,2.902065,2.889175
404.25,2.902115,2.88886
404.5,2.902125,2.888515
404.75,2.902095,2.88813
405,2.902025,2.8877
405.25,2.901925,2.88724
405.5,2.901785,2.886745
405.75,2.901605,2.88621
406,2.90139,2.885635
406.25,2.90114,2.88503
406.5,2.90085,2.884385
406.75,2.90052,2.8837
407,2.90016,2.882985
407.25,2.89976,2.882235
407.5,2.899325,2.881445
407.75,2.89885,2.88062
408,2.898345,2.879765
408.25,2.8978,2.87887
408.5,2.89722,2.877945
408.75,2.896605,2.87698
409,2.895955,2.87598
409.25,2.895265,2.87495
409.5,2.894545,2.87388
409.75,2.893785,2.87278
410,2.89299,2.871645
410.25,2.892165,2.870475
410.5,2.8913,2.86927
410.75,2.890395,2.868035
411,2.889465,2.86677
411.25,2.8885,2.86547
411.5,2.8875,2.864135
411.75,2.886465,2.862775
412,2.8854,2.86138
412.25,2.8843,2.85995
412.5,2.88317,2.8585
412.75,2.882015,2.857015
413,2.880815,2.8555
413.25,2.87959,2.853955
413.5,2.878335,2.852385
413.75,2.87705,2.850785
414,2.875735,2.849155
414.25,2.874385,2.847505
414.5,2.873005,2.84582
414.75,2.871595,2.844105
415,2.87016,2.84237
415.25,2.86869,2.840605
415.5,2.8672,2.838815
415.75,2.865675,2.836995
416,2.86412,2.835155
416.25,2.862535,2.833285
416.5,2.860925,2.831395
416.75,2.859285,2.82947
417,2.857615,2.82752
417.25,2.855915,2.82555
417.5,2.85418,2.823545
417.75,2.852425,2.821525
418,2.850635,2.819465
418.25,2.848815,2.81739
418.5,2.84697,2.815285
418.75,2.84509,2.81315
419,2.84318,2.81099
419.25,2.841245,2.808805
419.5,2.839285,2.8066
419.75,2.837285,2.80436
420,2.835265,2.8021
420.25,2.833215,2.79981
420.5,2.831135,2.7975
420.75,2.829025,2.79516
421,2.82689,2.7928
421.25,2.82473,2.790405
421.5,2.822535,2.787995
421.75,2.820315,2.78555
422,2.81806,2.783085
422.25,2.815785,2.78059
422.5,2.813475,2.778075
422.75,2.81114,2.77553
423,2.80877,2.77296
423.25,2.806375,2.770365
423.5,2.80395,2.767745
423.75,2.801495,2.765105
424,2.79902,2.762435
424.25,2.79651,2.759745
424.5,2.793975,2.75703
424.75,2.791415,2.754295
425,2.788825,2.751535
425.25,2.786205,2.748755
425.5,2.783565,2.745945
425.75,2.78089,2.743125
426,2.77819,2.740275
426.25,2.77547,2.737405
426.5,2.77272,2.734515
426.75,2.76995,2.731605
427,2.767155,2.728675
427.25,2.764335,2.725725
427.5,2.761495,2.72276
427.75,2.75863,2.71977
428,2.755745,2.71677
428.25,2.75284,2.713745
428.5,2.749915,2.71071
428.75,2.74697,2.70766
429,2.744005,2.704595
429.25,2.741025,2.701515
429.5,2.738025,2.69842
429.75,2.73501,2.695315
430,2.731975,2.692195
430.25,2.728925,2.689065
430.5,2.72586,2.685915
430.75,2.72278,2.682765
431,2.71968,2.6796
431.25,2.716565,2.67643
431.5,2.71344,2.67325
431.75,2.7103,2.67006
432,2.707145,2.666865
432.25,2.703985,2.663665
432.5,2.700815,2.66046
432.75,2.697635,2.657255
433,2.694445,2.654035
433.25,2.691245,2.650825
433.5,2.68804,2.64761
433.75,2.68482,2.64439
434,2.6816,2.641175
434.25,2.678375,2.63795
434.5,2.675145,2.63473
434.75,2.671905,2.631515
435,2.66867,2.62829
435.25,2.66542,2.625075
435.5,2.662175,2.62186
435.75,2.658925,2.61864
436,2.65567,2.615425
436.25,2.652415,2.612215
436.5,2.64916,2.609005
436.75,2.6459,2.6058
437,2.642645,2.602595
437.25,2.63938,2.599395
437.5,2.636125,2.5962
437.75,2.63286,2.59301
438,2.629605,2.58982
438.25,2.626345,2.58664
438.5,2.62308,2.583465
438.75,2.619825,2.58029
439,2.61656,2.577125
439.25,2.6133,2.57396
439.5,2.61004,2.570805
439.75,2.60678,2.567655
440,2.603525,2.564505
440.25,2.60027,2.561375
440.5,2.59702,2.558245
440.75,2.593775,2.55512
441,2.590525,2.55201
441.25,2.587285,2.5489
441.5,2.58405,2.545805
441.75,2.580815,2.542715
442,2.577585,2.53964
442.25,2.57436,2.536565
442.5,2.57114,2.5335
442.75,2.56792,2.530445
443,2.56471,2.527395
443.25,2.5615,2.52436
443.5,2.5583,2.52133
443.75,2.555105,2.518305
444,2.551915,2.515295
444.25,2.548725,2.51229
444.5,2.545545,2.5093
444.75,2.54237,2.50632
445,2.5392,2.503345
445.25,2.536045,2.50038
445.5,2.53289,2.49743
445.75,2.52975,2.494495
446,2.526615,2.49157
446.25,2.523495,2.488655
446.5,2.520375,2.48575
446.75,2.51727,2.482865
447,2.514175,2.479995
447.25,2.511095,2.47714
447.5,2.50802,2.4743
447.75,2.504965,2.471475
448,2.501915,2.46867
448.25,2.498885,2.46588
448.5,2.495865,2.46311
448.75,2.49286,2.460355
449,2.489875,2.457625
449.25,2.486905,2.454915
449.5,2.483955,2.452225
449.75,2.48102,2.44956
450,2.478105,2.44691
450.25,2.475215,2.44429
450.5,2.472335,2.441685
450.75,2.46948,2.439115
451,2.466645,2.43656
451.25,2.46383,2.434035
451.5,2.46104,2.43153
451.75,2.458265,2.429055
452,2.455525,2.426605
452.25,2.452795,2.424175
452.5,2.450095,2.42178
452.75,2.44742,2.41941
453,2.44477,2.41707
453.25,2.442145,2.414755
453.5,2.439545,2.412475
453.75,2.43698,2.41022
454,2.434435,2.408
454.25,2.43192,2.40581
454.5,2.429435,2.403645
454.75,2.42698,2.40152
455,2.424555,2.399425
455.25,2.42216,2.39736
455.5,2.4198,2.39533
455.75,2.41746,2.39333
456,2.41516,2.391365
456.25,2.412885,2.389435
456.5,2.410645,2.387535
456.75,2.408435,2.38567
457,2.406255,2.383835
457.25,2.404105,2.38204
457.5,2.40199,2.380275
457.75,2.39991,2.378545
458,2.39786,2.376845
458.25,2.395845,2.375185
458.5,2.39386,2.37356
458.75,2.3919,2.37196
459,2.38998,2.3704
459.25,2.388095,2.36887
459.5,2.38623,2.367375
459.75,2.3844,2.365905
460,2.382605,2.36448
460.25,2.38084,2.36308
460.5,2.379105,2.361715
460.75,2.377405,2.36038
461,2.375735,2.359075
461.25,2.3741,2.357805
461.5,2.37249,2.35657
461.75,2.370915,2.35536
462,2.369375,2.354185
462.25,2.36786,2.353045
462.5,2.36638,2.35193
462.75,2.36494,2.35085
463,2.363525,2.349805
463.25,2.36214,2.348785
463.5,2.360795,2.3478
463.75,2.359475,2.346845
464,2.358185,2.34592
464.25,2.35693,2.34502
464.5,2.355705,2.344155
464.75,2.35451,2.34332
465,2.35334,2.342515
465.25,2.352205,2.341745
465.5,2.3511,2.341
465.75,2.35002,2.340285
466,2.34898,2.3396
466.25,2.34797,2.33895
466.5,2.34699,2.338325
466.75,2.34604,2.33774
467,2.345125,2.33718
467.25,2.34424,2.336655
467.5,2.343385,2.336165
467.75,2.342565,2.335695
468,2.341775,2.335265
468.25,2.341025,2.334865
468.5,2.3403,2.3345
468.75,2.33961,2.334165
469,2.338955,2.33386
469.25,2.33833,2.33359
469.5,2.337745,2.333355
469.75,2.337195,2.333145
470,2.336675,2.332975
470.25,2.33619,2.33283
470.5,2.33574,2.332725
470.75,2.33533,2.33265
471,2.334955,2.332615
471.25,2.334615,2.332605
471.5,2.334315,2.332635
471.75,2.334045,2.3327
472,2.333815,2.332795
472.25,2.333615,2.332925
472.5,2.333455,2.33309
472.75,2.33333,2.33329
473,2.333245,2.333525
473.25,2.333185,2.33379
473.5,2.33317,2.33409
473.75,2.33319,2.33443
474,2.33324,2.334805
474.25,2.333335,2.335205
474.5,2.333465,2.33565
474.75,2.333625,2.33613
475,2.33383,2.33664
475.25,2.334065,2.337185
475.5,2.334345,2.337765
475.75,2.33466,2.33838
476,2.335005,2.339035
476.25,2.335395,2.339715
476.5,2.335815,2.340435
476.75,2.336275,2.34118
477,2.336765,2.34196
477.25,2.33729,2.342775
477.5,2.337855,2.34362
477.75,2.33845,2.34449
478,2.339085,2.34539
478.25,2.33975,2.346325
478.5,2.340445,2.347285
478.75,2.341175,2.34828
479,2.341935,2.34929
479.25,2.34273,2.350335
479.5,2.34355,2.35141
479.75,2.344405,2.352505
480,2.345285,2.35363
480.25,2.3462,2.35478
480.5,2.34714,2.355955
480.75,2.34811,2.35715
481,2.349105,2.35837
481.25,2.350125,2.35961
481.5,2.35118,2.36088
481.75,2.35225,2.36217
482,2.35335,2.363475
482.25,2.354475,2.364805
482.5,2.35562,2.366155
482.75,2.356795,2.36753
483,2.35799,2.36892
483.25,2.35921,2.370325
483.5,2.36045,2.371755
483.75,2.36172,2.3732
484,2.36301,2.37466
484.25,2.364325,2.376145
484.5,2.365655,2.377645
484.75,2.367005,2.37915
485,2.368375,2.38068
485.25,2.369765,2.382225
485.5,2.371175,2.383775
485.75,2.372595,2.38534
486,2.374045,2.386925
486.25,2.375505,2.38851
486.5,2.37698,2.390115
486.75,2.37848,2.39173
487,2.37999,2.39336
487.25,2.381515,2.394995
487.5,2.38306,2.396645
487.75,2.38462,2.3983
488,2.386195,2.399975
488.25,2.38779,2.40166
488.5,2.38939,2.40335
488.75,2.391015,2.405055
489,2.39265,2.40677
489.25,2.3943,2.408495
489.5,2.395965,2.410235
489.75,2.39765,2.41198
490,2.399345,2.413735
490.25,2.401055,2.4155
490.5,2.40278,2.417275
490.75,2.404515,2.41906
491,2.406265,2.42086
491.25,2.40803,2.422665
491.5,2.40981,2.42448
491.75,2.4116,2.4263
492,2.41341,2.428135
492.25,2.415235,2.429975
492.5,2.417065,2.431825
492.75,2.41891,2.433685
493,2.42077,2.43555
493.25,2.422635,2.43742
493.5,2.42451,2.4393
493.75,2.4264,2.44118
494,2.4283,2.44307
494.25,2.43021,2.44497
494.5,2.43213,2.44687
494.75,2.434065,2.448775
495,2.436005,2.450685
495.25,2.43795,2.4526
495.5,2.439905,2.45452
495.75,2.44187,2.45644
496,2.443845,2.458365
496.25,2.445825,2.460295
496.5,2.447815,2.462225
496.75,2.44981,2.464155
497,2.45181,2.46609
497.25,2.45382,2.46803
497.5,2.45583,2.469965
497.75,2.45785,2.471905
498,2.45987,2.473835
498.25,2.461895,2.475765
498.5,2.463915,2.4777
498.75,2.46594,2.479625
499,2.467965,2.481545
499.25,2.469995,2.483465
499.5,2.47202,2.48537
499.75,2.47404,2.48728
500,2.476065,2.48918
500.25,2.478085,2.49107
500.5,2.4801,2.492955
500.75,2.48211,2.49483
501,2.484115,2.496695
501.25,2.486115,2.49855
501.5,2.48811,2.500395
501.75,2.490095,2.502225
502,2.492075,2.50405
502.25,2.49404,2.50586
502.5,2.496005,2.507655
502.75,2.49795,2.509435
503,2.499895,2.5112
503.25,2.50183,2.51295
503.5,2.503745,2.51468
503.75,2.50566,2.516405
504,2.507555,2.51811
504.25,2.509445,2.5198
504.5,2.51132,2.521465
504.75,2.513185,2.523115
505,2.515035,2.524755
505.25,2.51687,2.52637
505.5,2.51869,2.527965
505.75,2.52049,2.529545
506,2.522285,2.5311
506.25,2.52406,2.532645
506.5,2.52582,2.534165
506.75,2.52756,2.53566
507,2.529285,2.53714
507.25,2.530995,2.5386
507.5,2.53268,2.54004
507.75,2.534355,2.541455
508,2.536015,2.542855
508.25,2.537655,2.54423
508.5,2.53928,2.54559
508.75,2.540885,2.546935
509,2.542475,2.54825
509.25,2.54405,2.54955
509.5,2.545605,2.550835
509.75,2.547145,2.5521
510,2.54867,2.553345
510.25,2.55018,2.55457
510.5,2.55167,2.555775
510.75,2.553145,2.55696
511,2.5546,2.558125
511.25,2.55605,2.55928
511.5,2.55747,2.56041
511.75,2.558885,2.56152
512,2.56028,2.562615
512.25,2.56166,2.563685
512.5,2.563025,2.56474
512.75,2.564375,2.56578
513,2.565705,2.566795
513.25,2.56702,2.567795
513.5,2.56832,2.568775
513.75,2.5696,2.569745
514,2.57087,2.570685
514.25,2.572115,2.57161
514.5,2.57335,2.57252
514.75,2.57457,2.573405
515,2.575765,2.574275
515.25,2.576945,2.575125
515.5,2.57811,2.575955
515.75,2.579255,2.57677
516,2.58038,2.57756
516.25,2.58149,2.57834
516.5,2.582575,2.579095
516.75,2.58365,2.579835
517,2.584705,2.580555
517.25,2.58574,2.58125
517.5,2.586765,2.58193
517.75,2.587765,2.58259
518,2.588745,2.583235
518.25,2.58971,2.58385
518.5,2.590655,2.58445
518.75,2.59157,2.58502
519,2.592475,2.585575
519.25,2.59335,2.586105
519.5,2.59421,2.586605
519.75,2.59504,2.58709
520,2.595845,2.587545
520.25,2.596635,2.587975
520.5,2.5974,2.588385
520.75,2.598135,2.588765
521,2.59885,2.58912
521.25,2.599535,2.589445
521.5,2.6002,2.589745
521.75,2.600835,2.59002
522,2.60144,2.59027
522.25,2.602025,2.590485
522.5,2.602575,2.590675
522.75,2.6031,2.59084
523,2.6036,2.590975
523.25,2.604065,2.59108
523.5,2.604505,2.591155
523.75,2.604915,2.591205
524,2.6053,2.59122
524.25,2.60565,2.59121
524.5,2.605975,2.59117
524.75,2.606265,2.5911
525,2.60653,2.591005
525.25,2.60676,2.590875
525.5,2.606965,2.59072
525.75,2.607145,2.590535
526,2.60729,2.59032
526.25,2.607405,2.590085
526.5,2.607495,2.58981
526.75,2.60755,2.58951
527,2.607575,2.58918
527.25,2.607575,2.58882
527.5,2.60754,2.58843
527.75,2.607475,2.58801
528,2.60738,2.587565
528.25,2.60726,2.58709
528.5,2.60711,2.58659
528.75,2.606925,2.58606
529,2.606715,2.5855
529.25,2.60648,2.584915
529.5,2.606215,2.584305
529.75,2.605925,2.58367
530,2.605605,2.583005
530.25,2.60526,2.582325
530.5,2.60489,2.581615
530.75,2.60449,2.580885
531,2.60407,2.580125
531.25,2.603625,2.57935
531.5,2.60315,2.57855
531.75,2.602655,2.577725
532,2.60214,2.576885
532.25,2.601595,2.576015
532.5,2.60103,2.57513
532.75,2.600435,2.574225
533,2.599825,2.5733
533.25,2.59919,2.572355
533.5,2.598535,2.571395
533.75,2.597855,2.57041
534,2.59716,2.56941
534.25,2.59644,2.568395
534.5,2.5957,2.567355
534.75,2.59494,2.566305
535,2.59416,2.565235
535.25,2.59336,2.56415
535.5,2.592535,2.563045
535.75,2.591695,2.56193
536,2.590835,2.560795
536.25,2.589955,2.55964
536.5,2.589055,2.558465
536.75,2.588135,2.55728
537,2.587195,2.55608
537.25,2.586235,2.55486
537.5,2.58526,2.553625
537.75,2.58426,2.55238
538,2.583245,2.55111
538.25,2.582215,2.54983
538.5,2.581165,2.548535
538.75,2.580095,2.54722
539,2.57901,2.545895
539.25,2.5779,2.54455
539.5,2.576775,2.54319
539.75,2.57563,2.54182
540,2.574465,2.540425
540.25,2.573275,2.539015
540.5,2.57207,2.537595
540.75,2.570845,2.53615
541,2.569595,2.534695
541.25,2.56833,2.533215
541.5,2.56704,2.531725
541.75,2.56573,2.530215
542,2.5644,2.52869
542.25,2.56305,2.52715
542.5,2.56168,2.52559
542.75,2.560285,2.524015
543,2.558875,2.52242
543.25,2.55744,2.520815
543.5,2.55599,2.51919
543.75,2.55452,2.51755
544,2.553025,2.515895
544.25,2.55151,2.514225
544.5,2.549975,2.512535
544.75,2.54842,2.51083
545,2.54685,2.509105
545.25,2.545255,2.50737
545.5,2.543645,2.505615
545.75,2.54201,2.503845
546,2.54036,2.502065
546.25,2.5387,2.50027
546.5,2.537015,2.49846
546.75,2.535315,2.49664
547,2.533595,2.4948
547.25,2.53186,2.49295
547.5,2.530105,2.49109
547.75,2.52834,2.489215
548,2.52655,2.48733
548.25,2.524755,2.48543
548.5,2.522935,2.483525
548.75,2.521105,2.48161
549,2.519265,2.479685
549.25,2.5174,2.47775
549.5,2.51553,2.47581
549.75,2.51365,2.473855
550,2.51175,2.4719
550.25,2.50984,2.46994
550.5,2.507925,2.467975
550.75,2.505995,2.46601
551,2.504065,2.46404
551.25,2.502125,2.462065
551.5,2.500175,2.46009
551.75,2.498225,2.458115
552,2.496265,2.45614
552.25,2.494305,2.45416
552.5,2.492335,2.452185
552.75,2.490365,2.45021
553,2.48839,2.448245
553.25,2.48641,2.44627
553.5,2.484425,2.444305
553.75,2.48245,2.44234
554,2.480465,2.440375
554.25,2.47848,2.43842
554.5,2.476495,2.43647
554.75,2.474515,2.43452
555,2.472535,2.432575
555.25,2.47055,2.43064
555.5,2.46857,2.42871
555.75,2.466595,2.426785
556,2.46462,2.42487
556.25,2.46264,2.42296
556.5,2.46067,2.42106
556.75,2.4587,2.419165
557,2.456735,2.417275
557.25,2.45477,2.4154
557.5,2.45281,2.41353
557.75,2.450855,2.411665
558,2.448905,2.409815
558.25,2.446955,2.40797
558.5,2.445005,2.40614
558.75,2.44307,2.404315
559,2.441135,2.4025
559.25,2.439205,2.4007
559.5,2.437285,2.398905
559.75,2.43537,2.39712
560,2.43346,2.395345
560.25,2.431555,2.393585
560.5,2.429655,2.391825
560.75,2.427765,2.390085
561,2.42587,2.388345
561.25,2.42399,2.38662
561.5,2.422105,2.384895
561.75,2.42023,2.383185
562,2.41836,2.38148
562.25,2.41649,2.379785
562.5,2.414635,2.3781
562.75,2.412775,2.37642
563,2.410925,2.37475
563.25,2.40908,2.37309
563.5,2.407235,2.371435
563.75,2.405405,2.369795
564,2.40357,2.368155
564.25,2.40175,2.36653
564.5,2.39993,2.364915
564.75,2.398115,2.363315
565,2.39631,2.36172
565.25,2.39451,2.360135
565.5,2.39272,2.358555
565.75,2.390935,2.356995
566,2.389155,2.35544
566.25,2.387385,2.353905
566.5,2.38562,2.352375
566.75,2.38387,2.35086
567,2.382125,2.34935
567.25,2.380395,2.347865
567.5,2.37867,2.346385
567.75,2.376955,2.344925
568,2.375255,2.343475
568.25,2.373565,2.34204
568.5,2.37189,2.340625
568.75,2.37022,2.33922
569,2.368565,2.337835
569.25,2.36693,2.336465
569.5,2.3653,2.335115
569.75,2.363685,2.333775
570,2.36209,2.332455
570.25,2.360505,2.331155
570.5,2.358935,2.329875
570.75,2.35738,2.328615
571,2.355845,2.327365
571.25,2.35433,2.326145
571.5,2.35283,2.324945
571.75,2.351355,2.323765
572,2.349895,2.322615
572.25,2.34846,2.32148
572.5,2.347045,2.320375
572.75,2.34565,2.31929
573,2.344275,2.31823
573.25,2.34293,2.3172
573.5,2.341605,2.316195
573.75,2.3403,2.31521
574,2.33902,2.31426
574.25,2.337765,2.31333
574.5,2.336535,2.31243
574.75,2.33533,2.31156
575,2.33415,2.310715
575.25,2.332995,2.309895
575.5,2.33186,2.309105
575.75,2.33076,2.308345
576,2.329685,2.30761
576.25,2.32863,2.306905
576.5,2.327605,2.306225
576.75,2.326605,2.30558
577,2.325635,2.304955
577.25,2.32469,2.30436
577.5,2.32377,2.3038
577.75,2.32288,2.30326
578,2.322015,2.302755
578.25,2.32118,2.302275
578.5,2.320365,2.30182
578.75,2.31958,2.301395
579,2.31882,2.300995
579.25,2.318085,2.30062
579.5,2.31738,2.300275
579.75,2.3167,2.299955
580,2.31605,2.29966
580.25,2.31542,2.299395
580.5,2.31482,2.299155
580.75,2.31425,2.29894
581,2.313705,2.29875
581.25,2.31318,2.298585
581.5,2.31268,2.298445
581.75,2.312205,2.29833
582,2.311755,2.298235
582.25,2.31133,2.298175
582.5,2.310925,2.298125
582.75,2.31054,2.2981
583,2.310185,2.298105
583.25,2.30985,2.298125
583.5,2.309535,2.29817
583.75,2.309245,2.29824
584,2.30898,2.29832
584.25,2.308735,2.298435
584.5,2.30851,2.29856
584.75,2.308305,2.298715
585,2.308125,2.298895
585.25,2.30797,2.29909
585.5,2.30783,2.299305
585.75,2.30772,2.29955
586,2.30763,2.299805
586.25,2.307565,2.30009
586.5,2.30752,2.300395
586.75,2.30749,2.300715
587,2.30749,2.30106
587.25,2.307515,2.301425
587.5,2.30756,2.301815
587.75,2.307625,2.302225
588,2.307715,2.302655
588.25,2.30783,2.303105
588.5,2.30797,2.303575
588.75,2.30813,2.304075
589,2.30832,2.304585
589.25,2.308535,2.30513
589.5,2.308765,2.30569
589.75,2.30902,2.30628
590,2.309305,2.30688
590.25,2.30961,2.30751
590.5,2.30994,2.30817
590.75,2.310295,2.308845
591,2.310675,2.309545
591.25,2.31108,2.31027
591.5,2.31151,2.31102
591.75,2.311965,2.31179
592,2.312445,2.31259
592.25,2.31296,2.313415
592.5,2.31349,2.31426
592.75,2.31406,2.31514
593,2.31465,2.31604
593.25,2.31527,2.31697
593.5,2.31592,2.317925
593.75,2.316595,2.318905
594,2.317305,2.319905
594.25,2.318035,2.320945
594.5,2.3188,2.321995
594.75,2.31959,2.32308
595,2.320415,2.32419
595.25,2.32126,2.325325
595.5,2.32213,2.326485
595.75,2.323035,2.327665
596,2.323965,2.32887
596.25,2.324925,2.330105
596.5,2.32591,2.331355
596.75,2.32692,2.332635
597,2.32796,2.333935
597.25,2.329025,2.335255
597.5,2.330115,2.3366
597.75,2.331235,2.33797
598,2.332375,2.33936
598.25,2.33354,2.34077
598.5,2.33473,2.342205
598.75,2.335945,2.343655
599,2.33718,2.345125
599.25,2.33844,2.346615
599.5,2.33972,2.34813
599.75,2.341025,2.349655
600,2.34235,2.3512
600.25,2.343695,2.352765
600.5,2.345065,2.354345
600.75,2.34645,2.355945
601,2.347855,2.357555
601.25,2.349285,2.35918
601.5,2.35073,2.360825
601.75,2.352195,2.36248
602,2.35368,2.36415
602.25,2.35518,2.36583
602.5,2.356695,2.367525
602.75,2.35823,2.36923
603,2.35978,2.370945
603.25,2.36134,2.372665
603.5,2.362915,2.3744
603.75,2.364505,2.37614
604,2.366105,2.37789
604.25,2.367715,2.37964
604.5,2.36934,2.3814
604.75,2.370975,2.383165
605,2.37262,2.38494
605.25,2.374275,2.38672
605.5,2.37594,2.3885
605.75,2.377615,2.39029
606,2.3793,2.392085
606.25,2.380995,2.39388
606.5,2.3827,2.39569
606.75,2.384415,2.397495
607,2.38614,2.39931
607.25,2.38787,2.401125
607.5,2.38961,2.402945
607.75,2.391355,2.404775
608,2.39311,2.4066
608.25,2.39487,2.408435
608.5,2.396645,2.41027
608.75,2.39842,2.41211
609,2.400215,2.41395
609.25,2.40201,2.4158
609.5,2.40381,2.417655
609.75,2.405625,2.419505
610,2.40744,2.42136
610.25,2.409265,2.423225
610.5,2.4111,2.425085
610.75,2.41294,2.42695
611,2.414795,2.428825
611.25,2.41665,2.430695
611.5,2.41851,2.43257
611.75,2.420385,2.43445
612,2.422265,2.43633
612.25,2.424145,2.438215
612.5,2.426035,2.440095
612.75,2.42793,2.441985
613,2.42984,2.443875
613.25,2.431745,2.44577
613.5,2.433665,2.44766
613.75,2.435595,2.44956
614,2.437525,2.45146
614.25,2.439465,2.453365
614.5,2.441415,2.45527
614.75,2.443375,2.45718
615,2.44534,2.45909
615.25,2.447305,2.461005
615.5,2.449275,2.462925
615.75,2.451255,2.464835
616,2.45324,2.466755
616.25,2.455225,2.46867
616.5,2.45722,2.470585
616.75,2.459215,2.472505
617,2.461215,2.47442
617.25,2.463215,2.476335
617.5,2.46522,2.47825
617.75,2.467225,2.480155
618,2.469235,2.48206
618.25,2.471245,2.48396
618.5,2.47325,2.48586
618.75,2.47526,2.48775
619,2.477265,2.48964
619.25,2.47927,2.49152
619.5,2.48127,2.493395
619.75,2.483275,2.49527
620,2.485275,2.497125
620.25,2.48727,2.49898
620.5,2.48926,2.50082
620.75,2.491245,2.50265
621,2.49322,2.50447
621.25,2.49519,2.50628
621.5,2.497155,2.50808
621.75,2.49911,2.509865
622,2.50106,2.511635
622.25,2.503,2.513395
622.5,2.50493,2.51514
622.75,2.506855,2.51687
623,2.508765,2.518585
623.25,2.510665,2.520285
623.5,2.512555,2.521965
623.75,2.514425,2.523635
624,2.51629,2.525285
624.25,2.518135,2.52691
624.5,2.519965,2.52853
624.75,2.52178,2.530115
625,2.52358,2.531695
625.25,2.525365,2.533245
625.5,2.527135,2.53478
625.75,2.528885,2.536295
626,2.53062,2.53779
626.25,2.53233,2.53926
626.5,2.53403,2.54071
626.75,2.535715,2.542145
627,2.53738,2.543555
627.25,2.539025,2.544945
627.5,2.540655,2.546315
627.75,2.542265,2.547665
628,2.54386,2.54899
628.25,2.545435,2.550295
628.5,2.54699,2.55158
628.75,2.548535,2.552845
629,2.550055,2.554085
629.25,2.55156,2.55531
629.5,2.55304,2.556505
629.75,2.55451,2.557685
630,2.55595,2.55884
630.25,2.55738,2.559975
630.5,2.55879,2.561085
630.75,2.56019,2.56218
631,2.56156,2.56325
631.25,2.562915,2.564305
631.5,2.564255,2.56534
631.75,2.565575,2.56635
632,2.56688,2.56734
632.25,2.56816,2.56831
632.5,2.569425,2.569265
632.75,2.57067,2.5702
633,2.571895,2.571115
633.25,2.573105,2.572005
633.5,2.574295,2.57288
633.75,2.575465,2.573735
634,2.57662,2.57457
634.25,2.577755,2.57539
634.5,2.57888,2.57619
634.75,2.57998,2.576965
635,2.581065,2.57773
635.25,2.582135,2.57847
635.5,2.583185,2.5792
635.75,2.58422,2.579905
636,2.585235,2.58059
636.25,2.586235,2.58126
636.5,2.58722,2.58191
636.75,2.588175,2.58254
637,2.589125,2.583145
637.25,2.59005,2.583735
637.5,2.59095,2.584305
637.75,2.591835,2.58485
638,2.5927,2.585365
638.25,2.59354,2.58587
638.5,2.59436,2.58635
638.75,2.59516,2.586805
639,2.59594,2.587235
639.25,2.5967,2.58765
639.5,2.59743,2.58803
639.75,2.59814,2.588395
640,2.59883,2.588735
640.25,2.599495,2.589045
640.5,2.600135,2.589335
640.75,2.60075,2.589605
641,2.60134,2.589845
641.25,2.601905,2.59006
641.5,2.602445,2.59025
641.75,2.602955,2.590415
642,2.60344,2.59055
642.25,2.603895,2.59066
642.5,2.60433,2.59074
642.75,2.60474,2.590795
643,2.60512,2.59083
643.25,2.60547,2.59083
643.5,2.60579,2.5908
643.75,2.60609,2.590745
644,2.60635,2.590655
644.25,2.60659,2.590545
644.5,2.606795,2.590405
644.75,2.60698,2.59023
645,2.607125,2.59003
645.25,2.60725,2.5898
645.5,2.607335,2.589535
645.75,2.607395,2.58924
646,2.607425,2.58892
646.25,2.607415,2.58857
646.5,2.607385,2.588185
646.75,2.607315,2.58777
647,2.60722,2.58733
647.25,2.607095,2.58686
647.5,2.606935,2.58636
647.75,2.60675,2.58583
648,2.606535,2.585275
648.25,2.60629,2.58469
648.5,2.60602,2.58408
648.75,2.60572,2.583445
649,2.60539,2.582785
649.25,2.60503,2.582095
649.5,2.604645,2.58138
649.75,2.604235,2.58064
650,2.60379,2.579875
650.25,2.603325,2.579085
650.5,2.60283,2.578275
650.75,2.602315,2.57744
651,2.60177,2.57658
651.25,2.601195,2.575705
651.5,2.600605,2.5748
651.75,2.59998,2.573875
652,2.59934,2.572925
652.25,2.598675,2.571955
652.5,2.597985,2.57097
652.75,2.597265,2.56996
653,2.596535,2.568935
653.25,2.595775,2.56789
653.5,2.594995,2.56682
653.75,2.594195,2.565735
654,2.59337,2.56463
654.25,2.59253,2.563515
654.5,2.591665,2.562375
654.75,2.59078,2.56122
655,2.589875,2.56005
655.25,2.58895,2.55886
655.5,2.588005,2.557655
655.75,2.587045,2.556435
656,2.586065,2.5552
656.25,2.58507,2.55395
656.5,2.584055,2.552685
656.75,2.58302,2.55141
657,2.58197,2.550115
657.25,2.580905,2.548805
657.5,2.57982,2.547485
657.75,2.578715,2.546155
658,2.577595,2.5448
658.25,2.57645,2.54344
658.5,2.575295,2.54206
658.75,2.57412,2.54067
659,2.572925,2.53926
659.25,2.57171,2.53784
659.5,2.570485,2.5364
659.75,2.56923,2.53495
660,2.567965,2.533485
660.25,2.566675,2.532005
660.5,2.565375,2.53051
660.75,2.56405,2.529
661,2.56271,2.527475
661.25,2.561355,2.525935
661.5,2.559975,2.524385
661.75,2.55858,2.522815
662,2.55717,2.52123
662.25,2.555735,2.519635
662.5,2.554285,2.51802
662.75,2.552815,2.51639
663,2.55133,2.514745
663.25,2.549825,2.51309
663.5,2.5483,2.511415
663.75,2.546755,2.509725
664,2.545195,2.50802
664.25,2.54361,2.506295
664.5,2.542015,2.504565
664.75,2.5404,2.502815
665,2.538765,2.50105
665.25,2.537115,2.499275
665.5,2.535445,2.497485
665.75,2.533755,2.49568
666,2.532055,2.493865
666.25,2.530325,2.49203
666.5,2.528585,2.49019
666.75,2.526825,2.488335
667,2.525055,2.486465
667.25,2.52326,2.48459
667.5,2.52145,2.482695
667.75,2.519625,2.480795
668,2.517785,2.47888
668.25,2.51593,2.47696
668.5,2.514065,2.47503
668.75,2.51219,2.473095
669,2.510295,2.47115
669.25,2.508395,2.4692
669.5,2.506485,2.467245
669.75,2.50456,2.46528
670,2.502625,2.463315
670.25,2.500685,2.46134
670.5,2.49874,2.459365
670.75,2.49678,2.457385
671,2.494815,2.45541
671.25,2.492845,2.453425
671.5,2.490865,2.451435
671.75,2.488885,2.44945
672,2.486895,2.447465
672.25,2.484905,2.44548
672.5,2.482905,2.44349
672.75,2.4809,2.441505
673,2.4789,2.43953
673.25,2.476895,2.43755
673.5,2.47489,2.435575
673.75,2.472885,2.433605
674,2.47088,2.43164
674.25,2.46887,2.429685
674.5,2.466865,2.42773
674.75,2.46486,2.425785
675,2.462865,2.423845
675.25,2.46086,2.421915
675.5,2.458865,2.41999
675.75,2.456865,2.41808
676,2.454875,2.416175
676.25,2.452885,2.41428
676.5,2.450905,2.412395
676.75,2.44893,2.41052
677,2.44696,2.40865
677.25,2.445,2.4068
677.5,2.44304,2.404955
677.75,2.44109,2.403125
678,2.43915,2.4013
678.25,2.43721,2.399495
678.5,2.435285,2.39769
678.75,2.43336,2.395905
679,2.43145,2.394125
679.25,2.42954,2.39236
679.5,2.42764,2.3906
679.75,2.425745,2.388855
680,2.42386,2.38712
680.25,2.421975,2.385395
680.5,2.420105,2.383675
680.75,2.41823,2.38197
681,2.41637,2.380275
681.25,2.414515,2.37859
681.5,2.412665,2.376915
681.75,2.41082,2.37525
682,2.40899,2.3736
682.25,2.407165,2.371955
682.5,2.40535,2.37033
682.75,2.403535,2.36871
683,2.401735,2.3671
683.25,2.399935,2.36551
683.5,2.398145,2.36392
683.75,2.39637,2.36235
684,2.394595,2.360785
684.25,2.392825,2.359235
684.5,2.391065,2.357695
684.75,2.389315,2.356165
685,2.387575,2.35465
685.25,2.385845,2.353145
685.5,2.38412,2.351655
685.75,2.382405,2.35017
686,2.3807,2.348705
686.25,2.379005,2.34725
686.5,2.37732,2.345805
686.75,2.375645,2.34437
687,2.373975,2.342955
687.25,2.37232,2.34155
687.5,2.370675,2.34016
687.75,2.36904,2.33878
688,2.367415,2.33742
688.25,2.36581,2.33607
688.5,2.364205,2.33473
688.75,2.36262,2.33341
689,2.361045,2.33211
689.25,2.35948,2.330825
689.5,2.357935,2.329555
689.75,2.356405,2.328305
690,2.35489,2.327075
690.25,2.35339,2.32586
690.5,2.351915,2.32467
690.75,2.350455,2.323505
691,2.34901,2.322355
691.25,2.347585,2.32123
691.5,2.34618,2.320125
691.75,2.344795,2.31905
692,2.343435,2.31799
692.25,2.342085,2.316955
692.5,2.340765,2.31595
692.75,2.339465,2.314965
693,2.338185,2.314005
693.25,2.33693,2.31307
693.5,2.3357,2.31216
693.75,2.334485,2.311275
694,2.333305,2.310425
694.25,2.332145,2.309595
694.5,2.33101,2.30879
694.75,2.3299,2.30802
695,2.32882,2.307275
695.25,2.327765,2.30655
695.5,2.326735,2.305865
695.75,2.32573,2.3052
696,2.324755,2.304565
696.25,2.323805,2.30396
696.5,2.32288,2.303385
696.75,2.321985,2.302835
697,2.32112,2.302315
697.25,2.32028,2.301825
697.5,2.31947,2.30136
697.75,2.318685,2.30093
698,2.31793,2.300525
698.25,2.317205,2.30015
698.5,2.31651,2.299805
698.75,2.31584,2.299485
699,2.3152,2.299195
699.25,2.31458,2.298935
699.5,2.314,2.2987
699.75,2.31344,2.2985
700,2.31291,2.29832
700.25,2.312405,2.29817
700.5,2.31193,2.29804
700.75,2.311475,2.297945
701,2.311045,2.29787
701.25,2.31064,2.297825
701.5,2.31026,2.2978
701.75,2.309905,2.2978
702,2.30958,2.297825
702.25,2.309275,2.297875
702.5,2.308995,2.29795
702.75,2.30874,2.298045
703,2.308515,2.29817
703.25,2.308305,2.29831
703.5,2.308125,2.29848
703.75,2.30797,2.298665
704,2.30783,2.29888
704.25,2.30772,2.29911
704.5,2.307635,2.299365
704.75,2.30757,2.29964
705,2.30753,2.29994
705.25,2.30751,2.300255
705.5,2.30751,2.300595
705.75,2.307535,2.300955
706,2.307585,2.301335
706.25,2.307655,2.301735
706.5,2.307745,2.302155
706.75,2.30786,2.3026
707,2.307995,2.30306
707.25,2.308155,2.30354
707.5,2.308335,2.30405
707.75,2.308535,2.304575
708,2.30876,2.30512
708.25,2.309005,2.305685
708.5,2.309275,2.306275
708.75,2.309565,2.306885
709,2.30988,2.307515
709.25,2.310215,2.308165
709.5,2.31057,2.30884
709.75,2.31095,2.30953
710,2.311355,2.31025
710.25,2.311785,2.310985
710.5,2.31223,2.311745
710.75,2.312715,2.31253
711,2.313215,2.31334
711.25,2.313745,2.31417
711.5,2.3143,2.315025
711.75,2.31488,2.315905
712,2.31549,2.316805
712.25,2.31612,2.317735
712.5,2.316785,2.318685
712.75,2.31747,2.31966
713,2.318185,2.32066
713.25,2.318925,2.32168
713.5,2.31969,2.32273
713.75,2.320485,2.3238
714,2.321305,2.32489
714.25,2.32215,2.32601
714.5,2.323025,2.32715
714.75,2.32392,2.328315
715,2.32485,2.329505
715.25,2.3258,2.330715
715.5,2.326775,2.331955
715.75,2.327785,2.333215
716,2.328815,2.3345
716.25,2.32987,2.33581
716.5,2.33096,2.337145
716.75,2.33207,2.3385
717,2.333205,2.339875
717.25,2.334365,2.34128
717.5,2.335555,2.342705
717.75,2.336765,2.344145
718,2.338,2.345615
718.25,2.33926,2.3471
718.5,2.340545,2.34861
718.75,2.341855,2.350135
719,2.343185,2.351685
719.25,2.344545,2.35325
719.5,2.345925,2.354835
719.75,2.347325,2.35644
720,2.34875,2.358055
720.25,2.35019,2.359695
720.5,2.351655,2.361345
720.75,2.35314,2.36301
721,2.354645,2.36469
721.25,2.35616,2.366385
721.5,2.357705,2.368095
721.75,2.35926,2.36981
722,2.360825,2.371535
722.25,2.36241,2.373275
722.5,2.36401,2.375025
722.75,2.365625,2.376785
723,2.36725,2.37855
723.25,2.36889,2.380325
723.5,2.370545,2.38211
723.75,2.37221,2.3839
724,2.373885,2.3857
724.25,2.375575,2.38751
724.5,2.377275,2.38932
724.75,2.378985,2.39114
725,2.380705,2.392965
725.25,2.382435,2.394795
725.5,2.38418,2.39663
725.75,2.38593,2.39847
726,2.387685,2.400315
726.25,2.38945,2.402165
726.5,2.39122,2.404015
726.75,2.393,2.405865
727,2.39479,2.407725
727.25,2.396585,2.409585
727.5,2.39839,2.41144
727.75,2.4002,2.413305
728,2.402015,2.41517
728.25,2.403835,2.417035
728.5,2.40566,2.4189
728.75,2.407495,2.420765
729,2.409335,2.422635
729.25,2.41118,2.42451
729.5,2.41303,2.426375
729.75,2.41488,2.428245
730,2.416745,2.430115
730.25,2.418605,2.43199
730.5,2.42047,2.43386
730.75,2.422345,2.435735
731,2.424225,2.437605
731.25,2.42611,2.43948
731.5,2.427995,2.441355
731.75,2.42989,2.44323
732,2.43179,2.44511
732.25,2.433695,2.44699
732.5,2.43561,2.448865
732.75,2.43752,2.450755
733,2.439445,2.452635
733.25,2.441375,2.454525
733.5,2.44331,2.456415
733.75,2.44525,2.4583
734,2.44719,2.460195
734.25,2.44914,2.462085
734.5,2.45109,2.46398
734.75,2.45305,2.46587
735,2.45501,2.467765
735.25,2.456975,2.469655
735.5,2.45894,2.471545
735.75,2.46091,2.473435
736,2.462885,2.47532
736.25,2.46486,2.47721
736.5,2.46684,2.479095
736.75,2.468825,2.480975
737,2.470805,2.48286
737.25,2.47279,2.484735
737.5,2.474775,2.48661
737.75,2.476765,2.48848
738,2.47875,2.490345
738.25,2.480735,2.492205
738.5,2.48272,2.494065
738.75,2.484705,2.49591
739,2.486685,2.497755
739.25,2.488665,2.49959
739.5,2.49064,2.50142
739.75,2.49261,2.50324
740,2.494585,2.50505
740.25,2.496545,2.50685
740.5,2.4985,2.508645
740.75,2.500455,2.510425
741,2.5024,2.5122
741.25,2.50434,2.51396
741.5,2.506265,2.515705
741.75,2.50819,2.51744
742,2.5101,2.51916
742.25,2.512005,2.52087
742.5,2.513895,2.522565
742.75,2.515775,2.524235
743,2.51764,2.525895
743.25,2.519485,2.527545
743.5,2.521325,2.529165
743.75,2.523145,2.53077
744,2.524955,2.53236
744.25,2.526745,2.53393
744.5,2.528525,2.535475
744.75,2.530285,2.537005
745,2.53203,2.538515
745.25,2.53376,2.540005
745.5,2.535475,2.541475
745.75,2.53717,2.54292
746,2.53885,2.54435
746.25,2.540515,2.545755
746.5,2.54215,2.547135
746.75,2.543775,2.548495
747,2.545375,2.549835
747.25,2.546965,2.55115
747.5,2.54853,2.552445
747.75,2.55008,2.55371
748,2.551605,2.55496
748.25,2.553105,2.556185
748.5,2.55459,2.557385
748.75,2.55606,2.558565
749,2.5575,2.55972
749.25,2.558925,2.56085
749.5,2.560325,2.56196
749.75,2.56171,2.563045
750,2.56307,2.564115
750.25,2.564415,2.56516
750.5,2.565735,2.56618
750.75,2.567035,2.56718
751,2.56832,2.568155
751.25,2.569575,2.569115
751.5,2.570815,2.57005
751.75,2.572035,2.57096
752,2.57323,2.571855
752.25,2.57441,2.572725
752.5,2.575575,2.573575
752.75,2.576715,2.574405
753,2.57784,2.575215
753.25,2.578945,2.576005
753.5,2.580035,2.576775
753.75,2.5811,2.577525
754,2.58215,2.578255
754.25,2.583185,2.57897
754.5,2.5842,2.579655
754.75,2.585195,2.58033
755,2.58617,2.58098
755.25,2.58713,2.58161
755.5,2.58807,2.58222
755.75,2.588985,2.582805
756,2.589885,2.58338
756.25,2.590765,2.58393
756.5,2.591625,2.584455
756.75,2.592465,2.584965
757,2.593285,2.585445
757.25,2.594085,2.58591
757.5,2.59486,2.58636
757.75,2.59562,2.58678
758,2.596355,2.58718
758.25,2.597075,2.587565
758.5,2.597765,2.587925
758.75,2.59844,2.588265
759,2.599095,2.58858
759.25,2.599725,2.588875
759.5,2.600335,2.58915
759.75,2.60092,2.5894
760,2.601485,2.589625
760.25,2.60202,2.58983
760.5,2.602535,2.590005
760.75,2.60303,2.59016
761,2.603495,2.590295
761.25,2.60394,2.590395
761.5,2.60436,2.59048
761.75,2.60475,2.59053
762,2.605115,2.590555
762.25,2.60546,2.59056
762.5,2.605775,2.590535
762.75,2.60606,2.590475
763,2.606325,2.590395
763.25,2.606555,2.590285
763.5,2.606755,2.590145
763.75,2.60693,2.589975
764,2.607075,2.58978
764.25,2.60719,2.58955
764.5,2.607275,2.589295
764.75,2.607325,2.58901
765,2.60735,2.588695
765.25,2.60734,2.58835
765.5,2.60731,2.587975
765.75,2.60724,2.587575
766,2.607145,2.587145
766.25,2.60702,2.586685
766.5,2.60686,2.586195
766.75,2.606675,2.58568
767,2.606465,2.585135
767.25,2.60622,2.584565
767.5,2.605945,2.583965
767.75,2.605645,2.583335
768,2.60531,2.582685
768.25,2.60495,2.582
768.5,2.60456,2.58129
768.75,2.60414,2.580555
769,2.60369,2.579795
769.25,2.60321,2.579005
769.5,2.602705,2.57819
769.75,2.60217,2.57735
770,2.601615,2.57648
770.25,2.60103,2.57559
770.5,2.60041,2.574675
770.75,2.599775,2.573735
771,2.599105,2.572775
771.25,2.598415,2.57179
771.5,2.597705,2.570775
771.75,2.596965,2.569745
772,2.596195,2.568695
772.25,2.595405,2.56762
772.5,2.59459,2.56653
772.75,2.593755,2.565415
773,2.592895,2.564285
773.25,2.59201,2.563135
773.5,2.591115,2.561965
773.75,2.59019,2.560775
774,2.589245,2.559575
774.25,2.588285,2.558355
774.5,2.5873,2.557115
774.75,2.5863,2.555865
775,2.58528,2.5546
775.25,2.584245,2.55332
775.5,2.583185,2.552025
775.75,2.58211,2.550715
776,2.58102,2.54939
776.25,2.57991,2.548055
776.5,2.578785,2.546705
776.75,2.57764,2.54534
777,2.576475,2.54396
777.25,2.575295,2.54256
777.5,2.57409,2.54116
777.75,2.572875,2.53974
778,2.571645,2.538305
778.25,2.570395,2.536855
778.5,2.56913,2.535395
778.75,2.56785,2.533925
779,2.566555,2.532435
779.25,2.56524,2.53094
779.5,2.56391,2.52943
779.75,2.56257,2.527905
780,2.561205,2.526365
780.25,2.55983,2.524815
780.5,2.558435,2.52325
780.75,2.557025,2.52168
781,2.555595,2.520085
781.25,2.554155,2.518485
781.5,2.552695,2.51687
781.75,2.551215,2.515245
782,2.549725,2.513605
782.25,2.54821,2.51195
782.5,2.54669,2.51028
782.75,2.545145,2.5086
783,2.543585,2.506905
783.25,2.542005,2.5052
783.5,2.54041,2.50348
783.75,2.5388,2.501745
784,2.53717,2.5
784.25,2.535525,2.49824
784.5,2.53386,2.49647
784.75,2.53218,2.494685
785,2.530485,2.49289
785.25,2.52877,2.49108
785.5,2.52704,2.489255
785.75,2.52529,2.48742
786,2.52352,2.48557
786.25,2.52174,2.483715
786.5,2.51995,2.48184
786.75,2.518135,2.47996
787,2.516315,2.47807
787.25,2.514475,2.476165
787.5,2.512625,2.474255
787.75,2.51076,2.47234
788,2.508885,2.470405
788.25,2.507,2.46847
788.5,2.505095,2.466525
788.75,2.503185,2.46458
789,2.50126,2.46262
789.25,2.499325,2.460655
789.5,2.49738,2.458685
789.75,2.49543,2.45671
790,2.493465,2.45473
790.25,2.49149,2.452745
790.5,2.48951,2.45076
790.75,2.487525,2.44877
791,2.485525,2.446775
791.25,2.48352,2.444785
791.5,2.481515,2.44279
791.75,2.479505,2.440795
792,2.47749,2.43881
792.25,2.47547,2.43682
792.5,2.47345,2.434835
792.75,2.471425,2.43285
793,2.4694,2.430875
793.25,2.46737,2.4289
793.5,2.46535,2.426935
793.75,2.463325,2.42497
794,2.4613,2.423015
794.25,2.45928,2.42107
794.5,2.457255,2.419125
794.75,2.455245,2.417195
795,2.453235,2.41527
795.25,2.45123,2.41335
795.5,2.449225,2.41145
795.75,2.44723,2.40955
796,2.445245,2.407665
796.25,2.443265,2.40579
796.5,2.44129,2.40393
796.75,2.43932,2.402075
797,2.437365,2.400235
797.25,2.435405,2.398405
797.5,2.433465,2.396585
797.75,2.431525,2.39478
798,2.42959,2.392985
798.25,2.427665,2.3912
798.5,2.425745,2.38943
798.75,2.423835,2.38767
799,2.421935,2.38592
799.25,2.420045,2.384185
799.5,2.41816,2.38247
799.75,2.41629,2.380755
800,2.41442,2.379065
800.25,2.412565,2.37738
800.5,2.41072,2.375715
800.75,2.40889,2.37406
801,2.40706,2.37242
801.25,2.405245,2.370795
801.5,2.403435,2.36918
801.75,2.40164,2.36758
802,2.399855,2.365995
802.25,2.398075,2.36442
802.5,2.39631,2.362855
802.75,2.39455,2.36131
803,2.392805,2.359775
803.25,2.39106,2.358245
803.5,2.389335,2.356735
803.75,2.38761,2.355235
804,2.385905,2.353745
804.25,2.384205,2.35227
804.5,2.38251,2.35081
804.75,2.380835,2.34936
805,2.379165,2.347915
805.25,2.377505,2.346495
805.5,2.375855,2.345075
805.75,2.37421,2.34368
806,2.37258,2.34229
806.25,2.370955,2.34091
806.5,2.36934,2.33955
806.75,2.36774,2.3382
807,2.36615,2.336865
807.25,2.36457,2.335545
807.5,2.363005,2.33424
807.75,2.36145,2.33295
808,2.35991,2.331675
808.25,2.358385,2.330415
808.5,2.35687,2.32918
808.75,2.35537,2.32796
809,2.35389,2.32675
809.25,2.352425,2.325565
809.5,2.35097,2.3244
809.75,2.34954,2.323255
810,2.34812,2.32212
810.25,2.34672,2.321015
810.5,2.345335,2.31993
810.75,2.343975,2.318855
811,2.342625,2.31781
811.25,2.341295,2.316785
811.5,2.339985,2.315785
811.75,2.338695,2.3148
812,2.337425,2.31384
812.25,2.336175,2.312905
812.5,2.33495,2.311995
812.75,2.33375,2.311105
813,2.332575,2.310245
813.25,2.331415,2.30941
813.5,2.330285,2.308595
813.75,2.329175,2.307815
814,2.328095,2.307055
814.25,2.327035,2.306325
814.5,2.326005,2.305625
814.75,2.324995,2.30495
815,2.324015,2.304295
815.25,2.32306,2.30368
815.5,2.32214,2.30309
815.75,2.32124,2.30253
816,2.32037,2.301995
816.25,2.319525,2.301495
816.5,2.31872,2.301025
816.75,2.317935,2.300585
817,2.31718,2.30017
817.25,2.316455,2.29979
817.5,2.31576,2.29944
817.75,2.31509,2.299115
818,2.31445,2.298825
818.25,2.313835,2.298565
818.5,2.313255,2.29833
818.75,2.312705,2.29812
819,2.312175,2.297945
819.25,2.31168,2.2978
819.5,2.311205,2.297675
819.75,2.310765,2.29758
820,2.310345,2.297515
820.25,2.30996,2.29747
820.5,2.309595,2.29746
820.75,2.309265,2.297475
821,2.30896,2.29751
821.25,2.308675,2.29758
821.5,2.30843,2.29767
821.75,2.308205,2.297785
822,2.30801,2.29793
822.25,2.307835,2.298095
822.5,2.30769,2.29829
822.75,2.30757,2.29851
823,2.30747,2.298745
823.25,2.3074,2.299005
823.5,2.30735,2.299295
823.75,2.307325,2.2996
824,2.307325,2.29993
824.25,2.30735,2.300285
824.5,2.307395,2.30066
824.75,2.307465,2.301055
825,2.30756,2.301475
825.25,2.307675,2.30191
825.5,2.30781,2.30237
825.75,2.30797,2.30285
826,2.30815,2.30335
826.25,2.30835,2.30387
826.5,2.308575,2.30441
826.75,2.30882,2.304975
827,2.30909,2.30556
827.25,2.30938,2.30616
827.5,2.309685,2.306785
827.75,2.31002,2.307425
828,2.310375,2.30808
828.25,2.31075,2.308765
828.5,2.31115,2.309465
828.75,2.311565,2.310185
829,2.31201,2.31093
829.25,2.312475,2.31169
829.5,2.312965,2.312475
829.75,2.313475,2.31328
830,2.314015,2.314105
830.25,2.314575,2.31495
830.5,2.315165,2.315815
830.75,2.315765,2.31671
831,2.316405,2.317615
831.25,2.317055,2.31855
831.5,2.317735,2.319505
831.75,2.31844,2.32048
832,2.31916,2.32148
832.25,2.31991,2.3225
832.5,2.320685,2.32354
832.75,2.32148,2.324605
833,2.322305,2.32569
833.25,2.32316,2.3268
833.5,2.324025,2.32793
833.75,2.32493,2.32909
834,2.325855,2.33027
834.25,2.326805,2.33147
834.5,2.32778,2.3327
834.75,2.32878,2.333945
835,2.32981,2.33522
835.25,2.33086,2.336515
835.5,2.33194,2.33784
835.75,2.333045,2.33918
836,2.334175,2.340545
836.25,2.33533,2.341935
836.5,2.336515,2.343345
836.75,2.337725,2.344775
837,2.338955,2.34623
837.25,2.34022,2.347705
837.5,2.3415,2.3492
837.75,2.342815,2.35072
838,2.344145,2.352255
838.25,2.345505,2.35381
838.5,2.346885,2.355385
838.75,2.34829,2.35698
839,2.349715,2.358595
839.25,2.35116,2.360225
839.5,2.352635,2.36187
839.75,2.35412,2.363535
840,2.35563,2.365215
840.25,2.357155,2.366905
840.5,2.3587,2.36861
840.75,2.360255,2.370335
841,2.36184,2.37207
841.25,2.363435,2.373815
841.5,2.36505,2.375575
841.75,2.36668,2.37735
842,2.368325,2.37913
842.25,2.36999,2.380925
842.5,2.371665,2.38273
842.75,2.373355,2.38455
843,2.37506,2.38637
843.25,2.376775,2.3882
843.5,2.378505,2.390045
843.75,2.380245,2.39189
844,2.382005,2.393745
844.25,2.383765,2.3956
844.5,2.38554,2.39747
844.75,2.387325,2.399335
845,2.389115,2.401205
845.25,2.390915,2.403085
845.5,2.39272,2.404965
845.75,2.39454,2.40684
846,2.39636,2.40873
846.25,2.39819,2.41061
846.5,2.40002,2.412495
846.75,2.40187,2.41438
847,2.40371,2.416265
847.25,2.405565,2.418155
847.5,2.40742,2.42004
847.75,2.40928,2.42193
848,2.411145,2.42381
848.25,2.41301,2.425695
848.5,2.41488,2.427585
848.75,2.41675,2.429465
849,2.41863,2.43135
849.25,2.42051,2.43323
849.5,2.422395,2.43511
849.75,2.42428,2.436995
850,2.42617,2.438875
850.25,2.42807,2.440755
850.5,2.429965,2.442635
850.75,2.43187,2.444515
851,2.433775,2.446395
851.25,2.43569,2.448275
851.5,2.4376,2.450155
851.75,2.43952,2.452035
852,2.44144,2.45391
852.25,2.44336,2.45579
852.5,2.44529,2.457665
852.75,2.447215,2.459545
853,2.449145,2.46142
853.25,2.451085,2.46329
853.5,2.453015,2.46516
853.75,2.454955,2.46703
854,2.456895,2.4689
854.25,2.458845,2.470765
854.5,2.460785,2.472625
854.75,2.462735,2.474485
855,2.464685,2.476345
855.25,2.46664,2.478205
855.5,2.46859,2.480065
855.75,2.47055,2.481915
856,2.472505,2.483765
856.25,2.474465,2.485615
856.5,2.47643,2.48746
856.75,2.478385,2.4893
857,2.480345,2.49114
857.25,2.48231,2.49297
857.5,2.484265,2.494805
857.75,2.486225,2.49663
858,2.48818,2.498445
858.25,2.490135,2.500265
858.5,2.49209,2.50207
858.75,2.494045,2.503875
859,2.495995,2.505675
859.25,2.49794,2.50746
859.5,2.499885,2.50924
859.75,2.50182,2.51101
860,2.50375,2.512775
860.25,2.50567,2.514525
860.5,2.50759,2.516265
860.75,2.509495,2.517995
861,2.5114,2.519715
861.25,2.513285,2.521415
861.5,2.51517,2.5231
861.75,2.51704,2.52478
862,2.5189,2.52644
862.25,2.520745,2.52808
862.5,2.522585,2.52971
862.75,2.52441,2.53132
863,2.52622,2.53291
863.25,2.52802,2.534485
863.5,2.529805,2.536045
863.75,2.531575,2.53759
864,2.53333,2.53911
864.25,2.53507,2.54061
864.5,2.536795,2.54209
864.75,2.538505,2.543555
865,2.540195,2.544995
865.25,2.541865,2.546415
865.5,2.543515,2.54781
865.75,2.54515,2.54918
866,2.54676,2.550535
866.25,2.548355,2.551865
866.5,2.54993,2.553175
866.75,2.55148,2.554455
867,2.553015,2.555715
867.25,2.554525,2.55695
867.5,2.55602,2.558165
867.75,2.557485,2.55935
868,2.558935,2.56052
868.25,2.56036,2.56166
868.5,2.56176,2.562775
868.75,2.563145,2.56387
869,2.564505,2.56494
869.25,2.565835,2.565985
869.5,2.567155,2.56701
869.75,2.56845,2.568005
870,2.56972,2.56898
870.25,2.57097,2.56993
870.5,2.572195,2.570855
870.75,2.573405,2.57176
871,2.57459,2.572635
871.25,2.57575,2.573495
871.5,2.5769,2.574325
871.75,2.578025,2.575145
872,2.579125,2.57593
872.25,2.58021,2.5767
872.5,2.581275,2.577445
872.75,2.582315,2.57817
873,2.583335,2.578875
873.25,2.584335,2.57955
873.5,2.585315,2.58021
873.75,2.586275,2.58085
874,2.58721,2.581465
874.25,2.588125,2.58206
874.5,2.58902,2.582635
874.75,2.589895,2.583185
875,2.59075,2.58372
875.25,2.59158,2.58423
875.5,2.592395,2.58472
875.75,2.59319,2.58519
876,2.59396,2.58564
876.25,2.594715,2.586075
876.5,2.59545,2.586485
876.75,2.596165,2.586875
877,2.596855,2.587245
877.25,2.59753,2.587595
877.5,2.598185,2.587925
877.75,2.59882,2.588235
878,2.599435,2.58852
878.25,2.600025,2.58879
878.5,2.600595,2.589035
878.75,2.601145,2.58926
879,2.601675,2.58946
879.25,2.60218,2.58964
879.5,2.602665,2.589795
879.75,2.603125,2.58993
880,2.603565,2.590035
880.25,2.60398,2.59012
880.5,2.604375,2.590185
880.75,2.604745,2.59022
881,2.60509,2.590235
881.25,2.60541,2.59022
881.5,2.6057,2.59018
881.75,2.60597,2.59012
882,2.606205,2.59003
882.25,2.606415,2.58991
882.5,2.606605,2.58977
882.75,2.60676,2.5896
883,2.60689,2.5894
883.25,2.60699,2.589175
883.5,2.607065,2.58892
883.75,2.60711,2.58864
884,2.60713,2.588335
884.25,2.60712,2.588
884.5,2.607085,2.58764
884.75,2.607015,2.58725
885,2.606925,2.586835
885.25,2.6068,2.58639
885.5,2.60665,2.585915
885.75,2.606465,2.585415
886,2.606255,2.584885
886.25,2.60601,2.58433
886.5,2.60574,2.583745
886.75,2.60544,2.583125
887,2.60511,2.58248
887.25,2.604745,2.581815
887.5,2.604355,2.58111
887.75,2.60393,2.58038
888,2.60348,2.57962
888.25,2.603005,2.578835
888.5,2.602495,2.57802
888.75,2.60195,2.57718
889,2.601385,2.576315
889.25,2.60079,2.57542
889.5,2.60017,2.5745
889.75,2.599515,2.573555
890,2.598835,2.57259
890.25,2.598135,2.57159
890.5,2.597395,2.570575
890.75,2.596635,2.569535
891,2.59585,2.56847
891.25,2.59504,2.56738
891.5,2.594205,2.566275
891.75,2.593345,2.565145
892,2.59246,2.563995
892.25,2.591545,2.56283
892.5,2.59062,2.56164
892.75,2.589665,2.56043
893,2.5887,2.55921
893.25,2.587705,2.557965
893.5,2.58669,2.556705
893.75,2.585655,2.555435
894,2.5846,2.554135
894.25,2.583525,2.55283
894.5,2.58243,2.55151
894.75,2.581315,2.550165
895,2.580175,2.54881
895.25,2.579025,2.54744
895.5,2.577855,2.54605
895.75,2.57667,2.54465
896,2.57546,2.543235
896.25,2.57424,2.54181
896.5,2.573,2.540365
896.75,2.57174,2.53891
897,2.57047,2.53744
897.25,2.56918,2.535965
897.5,2.56788,2.534475
897.75,2.56656,2.53297
898,2.565225,2.531455
898.25,2.56388,2.529925
898.5,2.56252,2.52839
898.75,2.561145,2.526845
899,2.55975,2.525285
899.25,2.558345,2.523715
899.5,2.55692,2.52214
899.75,2.555485,2.520545
900,2.55403,2.518945
900.25,2.552565,2.51733
900.5,2.55108,2.515705
900.75,2.54959,2.51407
901,2.54808,2.512425
901.25,2.546555,2.510765
901.5,2.545015,2.5091
901.75,2.543465,2.507425
902,2.541895,2.50573
902.25,2.54031,2.50403
902.5,2.53871,2.50232
902.75,2.53709,2.500595
903,2.535465,2.49886
903.25,2.533815,2.497105
903.5,2.532155,2.49535
903.75,2.53048,2.49358
904,2.528785,2.49179
904.25,2.527075,2.489995
904.5,2.52535,2.48819
904.75,2.523615,2.486375
905,2.521865,2.484545
905.25,2.5201,2.4827
905.5,2.51832,2.48085
905.75,2.516525,2.47899
906,2.51472,2.47712
906.25,2.5129,2.47524
906.5,2.51107,2.473355
906.75,2.50922,2.47145
907,2.507365,2.46954
907.25,2.50549,2.46763
907.5,2.503605,2.465705
907.75,2.5017,2.46377
908,2.499795,2.461825
908.25,2.49787,2.45988
908.5,2.495935,2.45792
908.75,2.493985,2.455965
909,2.49203,2.45399
909.25,2.490065,2.452025
909.5,2.488085,2.45005
909.75,2.486105,2.448065
910,2.484115,2.446085
910.25,2.482115,2.4441
910.5,2.48011,2.442115
910.75,2.4781,2.440125
911,2.476085,2.43814
911.25,2.474065,2.436155
911.5,2.472035,2.43416
911.75,2.47001,2.43218
912,2.46798,2.430195
912.25,2.465945,2.42821
912.5,2.463915,2.426235
912.75,2.46188,2.424265
913,2.459845,2.422295
913.25,2.457815,2.42033
913.5,2.455785,2.418375
913.75,2.45376,2.41643
914,2.451735,2.414485
914.25,2.44971,2.41255
914.5,2.447695,2.410625
914.75,2.445685,2.40871
915,2.443675,2.406805
915.25,2.441675,2.404905
915.5,2.43968,2.40302
915.75,2.437685,2.401145
916,2.4357,2.39928
916.25,2.43372,2.39743
916.5,2.43175,2.39559
916.75,2.429785,2.39376
917,2.42783,2.39194
917.25,2.42588,2.390135
917.5,2.423945,2.38835
917.75,2.422015,2.386575
918,2.420105,2.384815
918.25,2.418195,2.38307
918.5,2.416295,2.381335
918.75,2.414415,2.37962
919,2.41254,2.377925
919.25,2.41068,2.37624
919.5,2.40883,2.37457
919.75,2.406995,2.372915
920,2.40517,2.371275
920.25,2.40335,2.369655
920.5,2.40155,2.368045
920.75,2.39976,2.366445
921,2.397975,2.364865
921.25,2.39621,2.363295
921.5,2.394455,2.361745
921.75,2.392705,2.360205
922,2.390975,2.358685
922.25,2.389255,2.35717
922.5,2.387545,2.35568
922.75,2.38584,2.354195
923,2.384155,2.352725
923.25,2.382475,2.351275
923.5,2.38081,2.34983
923.75,2.37916,2.348405
924,2.37751,2.34699
924.25,2.375875,2.345595
924.5,2.374255,2.34421
924.75,2.37264,2.342835
925,2.37104,2.341475
925.25,2.36945,2.34013
925.5,2.367875,2.338805
925.75,2.366305,2.337495
926,2.36475,2.33619
926.25,2.36321,2.33491
926.5,2.36169,2.33364
926.75,2.360175,2.33239
927,2.358675,2.331155
927.25,2.357195,2.32993
927.5,2.35572,2.32873
927.75,2.354265,2.32754
928,2.352815,2.326375
928.25,2.35139,2.32522
928.5,2.34997,2.32408
928.75,2.34857,2.32296
929,2.347185,2.32186
929.25,2.345815,2.320775
929.5,2.34446,2.319705
929.75,2.343125,2.318655
930,2.341805,2.317625
930.25,2.3405,2.31661
930.5,2.339215,2.315625
930.75,2.337945,2.31465
931,2.3367,2.3137
931.25,2.33547,2.31277
931.5,2.33426,2.311865
931.75,2.333075,2.310985
932,2.33191,2.310125
932.25,2.33077,2.309295
932.5,2.329645,2.308475
932.75,2.32855,2.307695
933,2.327475,2.306935
933.25,2.32642,2.3062
933.5,2.325395,2.305495
933.75,2.32439,2.304815
934,2.32341,2.304165
934.25,2.32246,2.303535
934.5,2.321535,2.302945
934.75,2.320645,2.30238
935,2.319775,2.301835
935.25,2.318935,2.301325
935.5,2.31812,2.300845
935.75,2.317335,2.300395
936,2.31658,2.299975
936.25,2.315855,2.299585
936.5,2.31515,2.29922
936.75,2.314485,2.298895
937,2.31384,2.29859
937.25,2.31322,2.298315
937.5,2.312635,2.29807
937.75,2.31208,2.29785
938,2.311555,2.297665
938.25,2.311055,2.2975
938.5,2.310585,2.297375
938.75,2.31015,2.29727
939,2.309735,2.2972
939.25,2.309355,2.29716
939.5,2.309005,2.297145
939.75,2.308685,2.297165
940,2.30839,2.297205
940.25,2.30813,2.29728
940.5,2.307895,2.29738
940.75,2.30769,2.29751
941,2.307515,2.297665
941.25,2.307365,2.297845
941.5,2.307235,2.298055
941.75,2.307145,2.29829
942,2.30707,2.29855
942.25,2.30703,2.298835
942.5,2.30701,2.299145
942.75,2.307015,2.299475
943,2.30705,2.299835
943.25,2.307105,2.30022
943.5,2.30719,2.300625
943.75,2.307295,2.301055
944,2.307425,2.301505
944.25,2.30758,2.30198
944.5,2.30776,2.302475
944.75,2.307965,2.30299
945,2.30819,2.303525
945.25,2.308435,2.30408
945.5,2.3087,2.304665
945.75,2.30899,2.30526
946,2.309305,2.30588
946.25,2.309635,2.306515
946.5,2.309995,2.30717
946.75,2.31037,2.307845
947,2.310775,2.30854
947.25,2.311195,2.309255
947.5,2.311645,2.30999
947.75,2.312115,2.310745
948,2.3126,2.31152
948.25,2.313115,2.31231
948.5,2.313645,2.31312
948.75,2.314205,2.313955
949,2.314775,2.314805
949.25,2.315375,2.31568
949.5,2.315995,2.316575
949.75,2.316635,2.31748
950,2.317295,2.31841
950.25,2.31798,2.319365
950.5,2.31868,2.32033
950.75,2.319405,2.32132
951,2.32015,2.32233
951.25,2.32092,2.323355
951.5,2.321715,2.32441
951.75,2.322525,2.32548
952,2.32337,2.32657
952.25,2.324225,2.327685
952.5,2.325115,2.32882
952.75,2.326025,2.329975
953,2.32696,2.331155
953.25,2.32792,2.332355
953.5,2.3289,2.333575
953.75,2.329905,2.334815
954,2.330935,2.336085
954.25,2.331995,2.33737
954.5,2.333075,2.338675
954.75,2.334175,2.340005
955,2.33531,2.341355
955.25,2.336465,2.342725
955.5,2.33765,2.34412
955.75,2.338855,2.34554
956,2.34008,2.34697
956.25,2.34134,2.34843
956.5,2.34262,2.34991
956.75,2.34392,2.35141
957,2.34525,2.35293
957.25,2.346595,2.35447
957.5,2.347975,2.35603
957.75,2.349365,2.35761
958,2.350785,2.35921
958.25,2.352225,2.360825
958.5,2.353685,2.36246
958.75,2.355165,2.364115
959,2.35667,2.36578
959.25,2.35819,2.36747
959.5,2.359735,2.36917
959.75,2.3613,2.37089
960,2.362875,2.372625
960.25,2.36448,2.374375
960.5,2.366105,2.37614
960.75,2.367745,2.377915
961,2.3694,2.379705
961.25,2.37108,2.381515
961.5,2.37277,2.383325
961.75,2.37448,2.385155
962,2.376205,2.38699
962.25,2.377945,2.38884
962.5,2.379695,2.390695
962.75,2.381455,2.39256
963,2.383235,2.39443
963.25,2.38502,2.39631
963.5,2.38682,2.39819
963.75,2.38863,2.40008
964,2.39045,2.40197
964.25,2.39228,2.403865
964.5,2.394115,2.40577
964.75,2.395955,2.40767
965,2.397805,2.409575
965.25,2.399665,2.411485
965.5,2.40153,2.413395
965.75,2.4034,2.415305
966,2.40528,2.41722
966.25,2.40716,2.41913
966.5,2.40904,2.42104
966.75,2.41093,2.422955
967,2.41282,2.424865
967.25,2.414715,2.426775
967.5,2.416615,2.428685
967.75,2.418515,2.430595
968,2.420415,2.4325
968.25,2.422325,2.434405
968.5,2.424235,2.436305
968.75,2.42615,2.43821
969,2.428065,2.440115
969.25,2.429985,2.442005
969.5,2.431905,2.443905
969.75,2.433825,2.4458
970,2.43575,2.44769
970.25,2.437675,2.44958
970.5,2.4396,2.45146
970.75,2.441525,2.45335
971,2.44345,2.455225
971.25,2.44538,2.457095
971.5,2.4473,2.458965
971.75,2.44923,2.46083
972,2.451155,2.462695
972.25,2.453085,2.464555
972.5,2.455015,2.46641
972.75,2.456945,2.46826
973,2.458875,2.47011
973.25,2.4608,2.471955
973.5,2.46273,2.4738
973.75,2.464665,2.47564
974,2.4666,2.47748
974.25,2.46853,2.47931
974.5,2.47046,2.481145
974.75,2.4724,2.48297
975,2.47433,2.4848
975.25,2.476265,2.48662
975.5,2.478205,2.48844
975.75,2.480135,2.49026
976,2.48207,2.49207
976.25,2.484,2.49388
976.5,2.48593,2.49568
976.75,2.487865,2.49748
977,2.489795,2.49928
977.25,2.49173,2.50107
977.5,2.493655,2.50285
977.75,2.49558,2.50463
978,2.4975,2.5064
978.25,2.499425,2.508165
978.5,2.50134,2.509925
978.75,2.50325,2.51167
979,2.505155,2.51341
979.25,2.50705,2.51514
979.5,2.508945,2.51686
979.75,2.51083,2.51857
980,2.51271,2.520265
980.25,2.514585,2.52195
980.5,2.516445,2.523625
980.75,2.518305,2.525285
981,2.52015,2.526935
981.25,2.521985,2.528565
981.5,2.523815,2.53019
981.75,2.52563,2.531795
982,2.52744,2.53339
982.25,2.52923,2.53496
982.5,2.531015,2.53652
982.75,2.532785,2.53807
983,2.53454,2.539595
983.25,2.53628,2.541105
983.5,2.538005,2.54259
983.75,2.539715,2.544065
984,2.54141,2.545515
984.25,2.54308,2.54695
984.5,2.54474,2.548355
984.75,2.54638,2.549745
985,2.547995,2.55111
985.25,2.549595,2.552455
985.5,2.551175,2.553775
985.75,2.552735,2.555075
986,2.554275,2.55635
986.25,2.555795,2.557605
986.5,2.55729,2.558825
986.75,2.55877,2.56003
987,2.560225,2.56121
987.25,2.56166,2.562365
987.5,2.56307,2.56349
987.75,2.564455,2.564595
988,2.56582,2.565675
988.25,2.56716,2.566725
988.5,2.56848,2.567755
988.75,2.569775,2.568755
989,2.57105,2.569735
989.25,2.5723,2.570685
989.5,2.57353,2.57161
989.75,2.574735,2.57251
990,2.575915,2.57339
990.25,2.577075,2.57424
990.5,2.57821,2.575065
990.75,2.579325,2.57587
991,2.580415,2.576655
991.25,2.58148,2.57741
991.5,2.58252,2.57814
991.75,2.583545,2.57885
992,2.58454,2.579535
992.25,2.58551,2.5802
992.5,2.58646,2.580835
992.75,2.58739,2.58145
993,2.588295,2.58204
993.25,2.589175,2.58261
993.5,2.59003,2.583155
993.75,2.59087,2.58368
994,2.59169,2.58418
994.25,2.592485,2.584665
994.5,2.59326,2.585125
994.75,2.594015,2.585565
995,2.59475,2.58598
995.25,2.595465,2.58638
995.5,2.59616,2.586755
995.75,2.596835,2.587115
996,2.597485,2.58745
996.25,2.598115,2.58776
996.5,2.59873,2.588055
996.75,2.59932,2.588325
997,2.599885,2.588575
997.25,2.60044,2.588805
997.5,2.60097,2.589015
997.75,2.601475,2.5892
998,2.60196,2.58937
998.25,2.602425,2.58951
998.5,2.60287,2.589635
998.75,2.60329,2.589735
999,2.60369,2.589815
999.25,2.604065,2.58987
999.5,2.60442,2.589905
999.75,2.60475,2.589915
1000,2.605055,2.589905
